{"stats":{"minecraft:used":{"minecraft:writable_book":2,"minecraft:stone_shovel":36,"minecraft:iron_sword":152,"vanillaplustools:stone_hammer":2,"earthmobsmod:fancy_egg":1,"minecraft:player_head":2,"luminousworld:savannah_ground":2,"minecraft:torch":19,"minecraft:dirt":29,"minecraft:carrot":29,"minecraft:dark_oak_planks":78,"minecraft:wooden_axe":1,"minecraft:lava_bucket":1,"minecraft:mangrove_stairs":4,"minecraft:iron_axe":28,"minecraft:stripped_mangrove_log":1,"minecraft:golden_carrot":1,"minecraft:mangrove_slab":1,"minecraft:oak_sapling":1,"tombstone:gift":2,"undead_revamp2:arapholia":1,"minecraft:potato":1,"iceandfire:pixie_jar_empty":1,"naturalist:bass":1,"minecraft:water_bucket":21,"minecraft:cobblestone_stairs":1,"minecraft:stone_pickaxe":85,"minecraft:oak_planks":36,"luminousworld:groundpebbles_1":1,"minecraft:blue_bed":12,"naturalist:duck_egg":1,"minecraft:salmon":1,"minecraft:sand":5,"iceandfire:copper_pile":10,"minecraft:crafting_table":2,"minecraft:painting":1,"minecraft:cake":1,"mowziesmobs:wrought_axe":47,"minecraft:bread":58,"minecraft:soul_lantern":2,"minecraft:cobblestone":12,"born_in_chaos_v1:river_mint":5,"minecraft:andesite":1,"minecraft:bucket":22,"minecraft:oak_boat":4,"alexsmobs:animal_dictionary":1,"alexsmobs:emu_egg":2},"minecraft:broken":{"mowziesmobs:umvuthana_mask_rage":1},"minecraft:dropped":{"minecraft:enchanted_book":1,"minecraft:iron_sword":2,"iceandfire:raw_silver":3,"born_in_chaos_v1:shattered_skull":3,"minecraft:wheat_seeds":3,"minecraft:oak_log":1,"minecraft:feather":2,"minecraft:iron_helmet":1,"minecraft:lead":1,"minecraft:book":39,"born_in_chaos_v1:pieceofdarkmetal":8,"minecraft:copper_ingot":1,"minecraft:leather_helmet":4,"mowziesmobs:wrought_axe":1,"minecraft:stick":18,"minecraft:lava_bucket":1,"minecraft:dirt":10,"tombstone:bag_of_seeds":1,"born_in_chaos_v1:river_mint":2,"iceandfire:pixie_jar_empty":1,"minecraft:torch":28,"luminousworld:savannah_ground":1,"tombstone:grave_dust":4,"minecraft:iron_leggings":2,"minecraft:brown_terracotta":3,"minecraft:writable_book":2,"mowziesmobs:wrought_helmet":1,"minecraft:iron_axe":1,"minecraft:sugar":1,"minecraft:string":2,"minecraft:dark_oak_planks":80,"minecraft:blue_bed":1,"minecraft:bone":7,"iceandfire:dragonbone":2,"minecraft:armor_stand":10,"alexsmobs:animal_dictionary":1,"minecraft:raw_copper":64,"minecraft:wheat":88,"minecraft:stone_shovel":1,"minecraft:raw_iron":22,"tombstone:gift":1,"minecraft:rotten_flesh":5,"minecraft:iron_boots":5,"minecraft:name_tag":2,"minecraft:carrot":39,"minecraft:rabbit_foot":1,"luminousworld:yellow_grassflowers":1,"minecraft:rabbit_hide":2,"minecraft:leather_chestplate":5,"supplementaries:flax_seeds":1,"supplementaries:ash":3,"minecraft:potato":49,"minecraft:hay_block":64,"minecraft:gunpowder":22,"aether:iron_gloves":2,"minecraft:orange_terracotta":3,"minecraft:bundle":1,"minecraft:iron_chestplate":1,"luminousworld:groundpebbles_1":2,"born_in_chaos_v1:corpse_maggot":1,"vanillaplustools:stone_hammer":1,"minecraft:oak_boat":1,"minecraft:oak_sapling":3,"minecraft:leather_leggings":5,"minecraft:diamond_boots":4,"minecraft:slime_ball":1,"minecraft:arrow":15,"minecraft:stone_pickaxe":1,"minecraft:bow":1,"minecraft:beef":4,"minecraft:terracotta":3},"minecraft:killed":{"earthmobsmod:jumbo_rabbit":2,"minecraft:spider":1,"enemyexpansion:equestrian":1,"naturalist:tortoise":1,"naturalist:duck":1,"born_in_chaos_v1:zombie_bruiser":1,"born_in_chaos_v1:maggot":3,"minecraft:skeleton":4,"mowziesmobs:ferrous_wroughtnaut":1,"naturalist:bass":1,"luminousworld:monarch":1,"born_in_chaos_v1:skeleton_thrasher":1,"minecraft:salmon":1,"alexsmobs:catfish":1,"minecraft:zombie":4,"enemyexpansion:botfly":2,"enemyexpansion:huntsman":1,"enemyexpansion:wasp":1},"minecraft:custom":{"minecraft:interact_with_anvil":3,"minecraft:mob_kills":28,"minecraft:interact_with_crafting_table":7,"minecraft:open_barrel":16,"minecraft:damage_dealt_resisted":1104,"minecraft:eat_cake_slice":2,"minecraft:leave_game":15,"minecraft:time_since_death":0,"minecraft:climb_one_cm":23989,"minecraft:sprint_one_cm":517812,"minecraft:walk_one_cm":362107,"minecraft:drop":134,"minecraft:play_time":155668,"minecraft:deaths":4,"minecraft:sneak_time":3561,"minecraft:walk_under_water_one_cm":37131,"minecraft:jump":2825,"minecraft:walk_on_water_one_cm":99096,"minecraft:total_world_time":155668,"minecraft:interact_with_furnace":7,"minecraft:interact_with_cartography_table":2,"minecraft:interact_with_stonecutter":2,"minecraft:sleep_in_bed":16,"minecraft:time_since_rest":73,"minecraft:damage_taken":4235,"minecraft:damage_dealt":6011,"minecraft:swim_one_cm":98445,"minecraft:fly_one_cm":576677,"minecraft:open_chest":78,"minecraft:crouch_one_cm":5870,"tombstone:undead_killed":12,"minecraft:interact_with_smoker":1,"minecraft:fall_one_cm":88011},"minecraft:picked_up":{"luminousworld:groundpebbles_1":3,"minecraft:crafting_table":2,"minecraft:iron_chestplate":2,"minecraft:wheat":1,"born_in_chaos_v1:river_mint":17,"minecraft:leather_leggings":4,"aether:iron_gloves":1,"earthmobsmod:fancy_egg":1,"minecraft:brewing_stand":1,"minecraft:stripped_mangrove_log":1,"minecraft:string":2,"minecraft:iron_leggings":3,"minecraft:armor_stand":10,"minecraft:beef":4,"minecraft:oak_boat":4,"minecraft:player_head":2,"minecraft:chest":1,"minecraft:sugar_cane":8,"minecraft:iron_boots":5,"minecraft:stick":16,"minecraft:raw_iron":17,"iceandfire:dragonbone":2,"born_in_chaos_v1:shattered_skull":3,"minecraft:brown_terracotta":3,"minecraft:copper_ingot":1,"minecraft:torch":14,"tombstone:grave_dust":3,"born_in_chaos_v1:pieceofdarkmetal":8,"minecraft:carrot":56,"minecraft:rabbit_foot":1,"minecraft:dark_oak_planks":18,"minecraft:arrow":2,"minecraft:mangrove_stairs":4,"minecraft:rotten_flesh":5,"luminousworld:yellow_grassflowers":1,"minecraft:diamond_boots":4,"minecraft:hay_block":71,"alexsmobs:emu_egg":2,"supplementaries:ash":3,"undead_revamp2:arapholia":1,"minecraft:cobblestone":12,"born_in_chaos_v1:corpse_maggot":1,"luminousworld:savannah_ground":3,"minecraft:leather_chestplate":5,"minecraft:feather":2,"minecraft:salmon":1,"minecraft:water_bucket":1,"minecraft:andesite":1,"minecraft:smoker":1,"minecraft:potato":49,"minecraft:oak_log":18,"supplementaries:flax_seeds":1,"minecraft:cobblestone_stairs":1,"mowziesmobs:wrought_axe":2,"minecraft:dirt":39,"minecraft:mangrove_slab":1,"minecraft:blue_bed":13,"minecraft:orange_terracotta":3,"naturalist:bass":1,"minecraft:bone":10,"iceandfire:pixie_jar_empty":2,"mowziesmobs:umvuthana_mask_rage":1,"minecraft:bow":1,"minecraft:wheat_seeds":3,"minecraft:rabbit_hide":2,"tombstone:bag_of_seeds":1,"minecraft:iron_sword":3,"minecraft:oak_planks":2,"minecraft:book":75,"iceandfire:copper_nugget":30,"minecraft:sand":5,"mowziesmobs:wrought_helmet":1,"naturalist:duck_egg":1,"minecraft:leather_helmet":4,"minecraft:bundle":2,"minecraft:sugar":1,"minecraft:soul_lantern":2,"minecraft:writable_book":2,"minecraft:iron_helmet":1,"vanillaplustools:stone_hammer":1,"minecraft:painting":1,"minecraft:bread":11,"minecraft:terracotta":3,"minecraft:oak_sapling":10,"minecraft:coal":55,"iceandfire:raw_silver":6},"minecraft:mined":{"undead_revamp2:arapholia":1,"minecraft:dark_oak_planks":19,"luminousworld:groundpebbles_1":1,"iceandfire:silver_ore":3,"iceandfire:copper_pile":1,"minecraft:cobblestone_stairs":1,"minecraft:brewing_stand":1,"minecraft:grass_block":14,"minecraft:light_gray_bed":1,"luminousworld:grassvariant_2":2,"minecraft:hay_block":66,"minecraft:tall_seagrass":2,"luminousworld:yellow_grassflowers":1,"minecraft:carrots":16,"minecraft:iron_ore":17,"minecraft:fire":3,"minecraft:andesite":1,"minecraft:bookshelf":25,"minecraft:potatoes":14,"minecraft:stone":4,"minecraft:player_head":1,"iceandfire:pixie_jar_empty":2,"minecraft:glass_pane":2,"minecraft:smoker":1,"minecraft:orange_terracotta":3,"minecraft:oak_fence":1,"minecraft:crafting_table":2,"minecraft:torch":5,"minecraft:chest":1,"minecraft:dead_bush":5,"supplementaries:wild_flax":1,"minecraft:cobblestone":7,"minecraft:sugar_cane":4,"minecraft:oak_planks":2,"minecraft:blue_bed":12,"minecraft:wall_torch":7,"minecraft:seagrass":2,"minecraft:wheat":2,"born_in_chaos_v1:river_mint":14,"minecraft:grass":4,"minecraft:oak_log":17,"minecraft:coal_ore":48,"minecraft:dirt":26,"minecraft:sand":5,"luminousworld:grassvariant_3":1,"minecraft:cobweb":2,"minecraft:brown_terracotta":3,"minecraft:terracotta":3,"minecraft:oak_leaves":1,"luminousworld:savannah_ground":1},"minecraft:crafted":{"minecraft:oak_planks":48,"minecraft:stone_shovel":1,"minecraft:iron_axe":2,"minecraft:stone_pickaxe":2,"minecraft:dark_oak_planks":140,"minecraft:crafting_table":1,"iceandfire:copper_pile":15,"minecraft:oak_boat":1,"minecraft:iron_chestplate":1,"minecraft:stick":4,"minecraft:wooden_axe":1,"minecraft:iron_leggings":1}},"DataVersion":3465}