{"stats":{"minecraft:crafted":{"ecologics:walnut_planks":52,"minecraft:bookshelf":27,"ecologics:flowering_azalea_planks":8,"minecraft:raw_gold_block":6,"minecraft:copper_ingot":32,"immersive_aircraft:propeller":3,"iceandfire:armor_gray_chestplate":1,"usefulbackpacks:backpack_large":5,"minecraft:iron_block":117,"minecraft:gold_ingot":333,"iceandfire:dragon_horn":1,"iceandfire:armor_sapphire_boots":4,"better_weaponry:iron_scythe":6,"better_weaponry:stone_scythe":7,"iceandfire:dragon_flute":1,"minecraft:bone_meal":99,"minecraft:white_carpet":24,"minecraft:stone_pickaxe":3,"minecraft:dark_oak_planks":8,"minecraft:wheat":819,"minecraft:enchanting_table":1,"iceandfire:silver_block":20,"iceandfire:armor_red_helmet":1,"iceandfire:armor_electric_chestplate":1,"minecraft:oak_planks":96,"iceandfire:armor_blue_helmet":1,"iceandfire:armor_sapphire_chestplate":3,"usefulbackpacks:backpack_small":5,"immersive_aircraft:hull":4,"iceandfire:armor_green_helmet":1,"minecraft:chest":9,"iceandfire:armor_blue_boots":1,"iceandfire:armor_sapphire_helmet":4,"minecraft:crafting_table":5,"minecraft:spruce_planks":104,"minecraft:wooden_pickaxe":1,"minecraft:gold_block":68,"minecraft:birch_planks":4,"minecraft:string":24,"iceandfire:armor_blue_leggings":2,"minecraft:stick":156,"minecraft:iron_ingot":422,"minecraft:stone_sword":1,"iceandfire:dragon_stick":1,"immersive_aircraft:sail":4,"iceandfire:armor_electric_boots":1,"iceandfire:armor_sapphire_leggings":3,"illagerinvasion:platinum_sheet":9,"usefulbackpacks:backpack_medium":5,"iceandfire:armor_red_boots":1,"iceandfire:armor_electric_helmet":1,"minecraft:cooked_beef":19,"immersive_aircraft:enhanced_propeller":1,"iceandfire:silver_ingot":182,"iceandfire:dragon_meal":1,"minecraft:mangrove_planks":4,"minecraft:bread":332,"iceandfire:dragonbone_pickaxe":3,"minecraft:air":0,"minecraft:white_wool":25,"immersive_aircraft:gyrodyne":2,"minecraft:gold_nugget":414,"minecraft:raw_gold":54,"minecraft:acacia_planks":60,"minecraft:torch":90,"ecologics:azalea_planks":28},"minecraft:picked_up":{"minecraft:iron_chestplate":8,"minecraft:chainmail_boots":5,"minecraft:creeper_head":1,"minecraft:flower_pot":1,"minecraft:anvil":2,"minecraft:smithing_table":5,"minecraft:lead":4,"minecraft:enchanted_book":11,"artifacts:chorus_totem":1,"alexscaves:trilocaris_tail":2,"twilightforest:mining_chest":2,"minecraft:wither_rose":1,"minecraft:golden_shovel":2,"minecraft:brewing_stand":5,"iceandfire:manuscript":7,"minecraft:string":109,"iceandfire:dragonbone_pickaxe":1,"minecraft:beetroot":1,"minecraft:diamond_leggings":3,"minecraft:gold_nugget":58,"minecraft:cobbled_deepslate":202,"minecraft:spruce_planks":3,"minecraft:enchanted_golden_apple":1,"minecraft:coal_block":27,"minecraft:mangrove_log":2,"minecraft:dark_oak_door":1,"minecraft:golden_helmet":2,"artifacts:universal_attractor":2,"born_in_chaos_v1:shattered_skull":6,"minecraft:acacia_log":3,"minecraft:green_bed":8,"iceandfire:lightning_dragon_flesh":4,"minecraft:cherry_log":7,"minecraft:golden_chestplate":5,"minecraft:brown_carpet":5,"minecraft:yellow_banner":1,"luminousworld:grassflowers":7,"minecraft:lime_carpet":16,"minecraft:light_gray_bed":5,"artifacts:villager_hat":2,"iceandfire:fire_dragon_heart":1,"minecraft:iron_block":110,"minecraft:cyan_terracotta":4,"minecraft:white_terracotta":2,"supplementaries:ash":100,"alexscaves:archaic_vine":4,"minecraft:iron_bars":2,"minecraft:snowball":72,"minecraft:birch_log":1,"born_in_chaos_v1:staffof_magic_arrows":1,"iceandfire:sapphire_gem":6,"minecraft:feather":5,"minecraft:cooked_beef":1,"minecraft:water_bucket":1,"minecraft:jungle_log":2,"minecraft:brown_wool":4,"minecraft:copper_block":32,"minecraft:smoker":11,"minecraft:flint":5,"luminousworld:purple_petunias":1,"minecraft:map":2,"minecraft:mangrove_slab":2,"minecraft:lantern":14,"undead_revamp2:blacpetalblock":3,"luminousworld:elephant_grass":2,"better_weaponry:stone_scythe":12,"artifacts:antidote_vessel":2,"minecraft:diamond_helmet":1,"minecraft:glowstone_dust":188,"minecraft:moss_block":1,"minecraft:pitcher_pod":3,"twilightforest:canopy_chest":1,"iceandfire:dragonscales_sapphire":83,"minecraft:stripped_acacia_wood":4,"alexscaves:amber_curiosity":1,"iceandfire:dragon_skull_fire":2,"minecraft:stripped_spruce_log":8,"iceandfire:lightning_dragon_heart":1,"minecraft:fermented_spider_eye":4,"minecraft:dark_oak_log":2,"iceandfire:myrmex_stinger":1,"minecraft:trapped_chest":2,"minecraft:barrel":30,"undead_revamp2:heavytooth":3,"minecraft:bundle":26,"minecraft:iron_hoe":12,"minecraft:polished_andesite":1,"minecraft:deepslate":8,"luminousworld:snow_poppy":1,"minecraft:granite":78,"better_weaponry:iron_scythe":21,"minecraft:chainmail_helmet":2,"minecraft:golden_horse_armor":5,"minecraft:bread":105,"alexsmobs:maggot":2,"born_in_chaos_v1:rotten_fish":2,"minecraft:bricks":99,"minecraft:dark_oak_fence":3,"iceandfire:raw_silver":36,"minecraft:diamond_pickaxe":3,"iceandfire:dragon_skull_lightning":3,"luminousworld:groundpebbles_1":7,"minecraft:crafting_table":38,"alexscaves:primal_magma":42,"minecraft:sandstone_slab":2,"iceandfire:witherbone":56,"minecraft:nether_wart":7,"minecraft:clay_ball":1,"born_in_chaos_v1:seedof_chaos":4,"minecraft:leather_leggings":3,"born_in_chaos_v1:charmof_resistance":2,"friendsandfoes:totem_of_illusion":2,"iceandfire:frozen_grass":4,"minecraft:red_bed":4,"minecraft:flint_and_steel":1,"minecraft:netherite_scrap":1,"born_in_chaos_v1:intoxicating_decoction":1,"minecraft:white_carpet":105,"minecraft:iron_shovel":7,"iceandfire:graveyard_soil":9,"minecraft:netherite_sword":2,"minecraft:beef":42,"born_in_chaos_v1:gnawed_bones":1,"minecraft:iron_nugget":261,"minecraft:poppy":2,"minecraft:spruce_slab":9,"iceandfire:dragonscales_electric":18,"minecraft:chest":56,"minecraft:raw_copper_block":10,"minecraft:sandstone":10,"minecraft:stone":3,"minecraft:raw_gold_block":29,"iceandfire:armor_sapphire_chestplate":1,"alexscaves:cycad":2,"minecraft:spruce_fence":2,"born_in_chaos_v1:pieceofdarkmetal":42,"minecraft:carrot":204,"minecraft:redstone":8,"minecraft:prismarine_crystals":40,"minecraft:blue_carpet":10,"iceandfire:dragon_skull_ice":25,"minecraft:tnt":16,"minecraft:diamond_chestplate":1,"minecraft:stone_shovel":2,"minecraft:beetroot_seeds":3,"minecraft:diamond_boots":2,"minecraft:hay_block":442,"minecraft:yellow_terracotta":6,"artifacts:pocket_piston":1,"minecraft:gold_ingot":154,"tombstone:essence_of_undeath":3,"minecraft:totem_of_undying":1,"minecraft:glow_berries":1,"minecraft:mutton":9,"minecraft:white_wool":45,"minecraft:oxeye_daisy":1,"ecologics:flowering_azalea_log":2,"luminousworld:palmplank":1,"born_in_chaos_v1:monster_flesh":30,"luminousworld:ishstone":81,"iceandfire:myrmex_desert_resin_glass":1,"minecraft:acacia_wood":11,"minecraft:filled_map":4,"minecraft:packed_mud":8,"minecraft:oak_log":92,"mowziesmobs:wrought_axe":2,"enemyexpansion:scorpion_tail":1,"alexscaves:ambersol":10,"iceandfire:dragonscales_blue":99,"minecraft:paper":48,"minecraft:blue_bed":9,"minecraft:white_banner":10,"tombstone:gift":3,"minecraft:apple":6,"minecraft:stone_bricks":4,"mowziesmobs:foliaath_seed":5,"minecraft:stone_pickaxe":3,"minecraft:cobweb":12,"tombstone:bag_of_seeds":14,"minecraft:glass_bottle":3,"minecraft:iron_sword":5,"minecraft:flowering_azalea":1,"minecraft:dark_oak_stairs":15,"minecraft:polished_andesite_stairs":1,"iceandfire:copper_nugget":296,"minecraft:smooth_basalt":1,"minecraft:dark_oak_slab":4,"minecraft:sweet_berries":3,"minecraft:red_wool":1,"born_in_chaos_v1:ethereal_spirit":38,"minecraft:torchflower_seeds":1,"minecraft:gravel":2,"minecraft:birch_stairs":7,"iceandfire:cyclops_skull":1,"minecraft:spruce_sapling":57,"born_in_chaos_v1:fangofthe_hound_leader":1,"minecraft:spruce_log":106,"minecraft:slime_ball":22,"iceandfire:silver_sword":2,"tombstone:scroll_of_knowledge":1,"minecraft:light_blue_carpet":1,"minecraft:painting":2,"iceandfire:ice_dragon_flesh":22,"minecraft:melon_seeds":8,"minecraft:ender_pearl":29,"iceandfire:deathworm_egg":1,"minecraft:wheat":177,"illagerinvasion:platinum_chunk":72,"minecraft:yellow_wool":28,"supplementaries:bomb_blue":1,"aether:iron_gloves":11,"minecraft:potion":10,"tombstone:grave_key":3,"earthmobsmod:bone_shard":6,"minecraft:lapis_block":1,"minecraft:raw_copper":144,"aether:diamond_gloves":5,"minecraft:iron_leggings":13,"minecraft:zombie_head":2,"minecraft:experience_bottle":4,"minecraft:oak_sign":3,"earthmobsmod:duck_egg":1,"minecraft:bucket":1,"iceandfire:frost_lily":2,"minecraft:rose_bush":11,"minecraft:calcite":2,"minecraft:azalea":7,"minecraft:iron_pickaxe":13,"iceandfire:dragonscales_red":33,"alexscaves:flytrap":1,"minecraft:iron_boots":14,"minecraft:furnace":20,"minecraft:tipped_arrow":1,"minecraft:stick":136,"iceandfire:ghost_chest":3,"minecraft:jungle_door":3,"ecologics:walnut_log":13,"minecraft:oak_fence":1,"born_in_chaos_v1:phantom_powder":4,"minecraft:torch":292,"minecraft:spruce_stairs":2,"alexscaves:heavy_bone":3,"luminousworld:savannah_soil":22,"minecraft:porkchop":181,"tombstone:grave_dust":158,"minecraft:pointed_dripstone":24,"minecraft:diorite":26,"born_in_chaos_v1:nightmare_claw":7,"minecraft:yellow_concrete_powder":1,"mutantmonsters:hulk_hammer":2,"minecraft:cactus":23,"minecraft:mangrove_stairs":4,"minecraft:rotten_flesh":546,"iceandfire:myrmex_desert_chitin":1,"minecraft:obsidian":9,"undead_revamp2:arapholia":21,"minecraft:blaze_powder":21,"minecraft:cobblestone":1014,"ecologics:walnut_planks":24,"ecologics:walnut":18,"luminousworld:savannah_ground":11,"minecraft:magma_cream":3,"minecraft:andesite":66,"minecraft:golden_leggings":2,"minecraft:potato":50,"paraglider:spirit_orb":327,"minecraft:tuff":32,"supplementaries:flax_seeds":7,"undead_revamp2:huntereye":2,"minecraft:horn_coral":1,"minecraft:wither_skeleton_skull":2,"artifacts:pickaxe_heater":2,"minecraft:lapis_lazuli":145,"minecraft:dirt":710,"minecraft:cut_sandstone_slab":8,"born_in_chaos_v1:monster_skin":31,"minecraft:glass":1,"minecraft:bone":717,"minecraft:acacia_planks":9,"minecraft:bow":13,"minecraft:wheat_seeds":335,"minecraft:raw_gold":136,"minecraft:grindstone":2,"tombstone:scroll_of_reach":2,"minecraft:mossy_stone_bricks":2,"minecraft:fletching_table":2,"minecraft:oak_planks":6,"ecologics:azalea_log":7,"minecraft:sand":128,"minecraft:jungle_planks":1,"minecraft:nether_brick_stairs":4,"minecraft:dead_bush":27,"minecraft:cyan_bed":21,"iceandfire:frozen_dirt":2,"minecraft:mossy_cobblestone":4,"minecraft:orange_wool":1,"minecraft:dark_prismarine":30,"minecraft:yellow_carpet":11,"born_in_chaos_v1:fire_dust":3,"minecraft:diamond":111,"minecraft:crossbow":1,"minecraft:golden_apple":15,"minecraft:spruce_sign":1,"minecraft:emerald":213,"minecraft:oak_sapling":48,"minecraft:netherrack":1,"iceandfire:silver_nugget":1674,"minecraft:oak_leaves":112,"undead_revamp2:bostroxingot":3,"minecraft:charcoal":12,"artifacts:night_vision_goggles":1,"minecraft:splash_potion":5,"minecraft:brown_mushroom":3,"minecraft:gold_block":3,"iceandfire:frozen_cobblestone":9,"alexscaves:flood_basalt":12,"iceandfire:frozen_stone":2,"minecraft:moss_carpet":3,"minecraft:iron_axe":16,"artifacts:feral_claws":1,"minecraft:item_frame":31,"alexscaves:dinosaur_chop":1,"takesapillage:ravager_horn":1,"minecraft:cyan_carpet":1,"minecraft:blue_orchid":19,"ecologics:walnut_sapling":15,"luminousworld:pheonix_trophy":1,"minecraft:candle":1,"minecraft:player_head":2,"minecraft:phantom_membrane":7,"iceandfire:ice_dragon_heart":7,"iceandfire:dragonscales_green":7,"minecraft:raw_iron":328,"iceandfire:dragonbone":208,"minecraft:stripped_mangrove_wood":1,"iceandfire:dragonscales_gray":10,"iceandfire:troll_tusk":1,"minecraft:copper_ingot":56,"iceandfire:deathworm_chitin_red":1,"twilightforest:twilight_oak_chest":2,"minecraft:stone_button":10,"minecraft:cookie":30,"luminousworld:beastiary":1,"born_in_chaos_v1:charmof_endurance":2,"minecraft:iron_horse_armor":1,"minecraft:stone_pressure_plate":6,"minecraft:dark_oak_planks":37,"iceandfire:silver_ingot":4,"minecraft:arrow":639,"mowziesmobs:ice_crystal":3,"minecraft:saddle":5,"minecraft:brick_stairs":10,"born_in_chaos_v1:trident_hayfork":4,"minecraft:skeleton_skull":5,"born_in_chaos_v1:fused_bone":1,"born_in_chaos_v1:corpse_maggot":26,"minecraft:netherite_boots":4,"minecraft:purple_dye":1,"minecraft:golden_carrot":10,"minecraft:salmon":21,"minecraft:leather":58,"minecraft:birch_planks":9,"alexscaves:limestone":359,"minecraft:chainmail_chestplate":11,"iceandfire:ectoplasm":8,"minecraft:yellow_bed":2,"minecraft:gunpowder":44,"minecraft:cobblestone_stairs":2,"immersive_aircraft:gyrodyne":2,"alexscaves:amber":213,"minecraft:orange_terracotta":1,"minecraft:smooth_sandstone":3,"minecraft:red_carpet":30,"minecraft:spruce_wood":1,"minecraft:iron_ingot":291,"minecraft:cooked_chicken":4,"artifacts:kitty_slippers":1,"alexscaves:curly_fern":8,"iceandfire:fire_dragon_flesh":2,"minecraft:acacia_sapling":1,"minecraft:book":305,"minecraft:scaffolding":1,"luminousworld:clovers_1":11,"minecraft:emerald_block":1,"iceandfire:dragon_horn":1,"minecraft:dandelion":1,"minecraft:raw_iron_block":2,"minecraft:dripstone_block":46,"born_in_chaos_v1:dark_rod":8,"minecraft:amethyst_shard":10,"mowziesmobs:wrought_helmet":2,"minecraft:blast_furnace":9,"minecraft:white_bed":1,"minecraft:spruce_door":2,"minecraft:spider_eye":5,"immersive_aircraft:enhanced_propeller":1,"undead_revamp2:rawbostrox":3,"minecraft:chainmail_leggings":7,"minecraft:iron_helmet":14,"minecraft:terracotta":15,"tombstone:magic_scroll":30,"minecraft:damaged_anvil":1,"minecraft:acacia_slab":2,"minecraft:black_wool":3,"minecraft:coal":402,"minecraft:sunflower":1},"minecraft:used":{"minecraft:moss_block":1,"minecraft:spruce_slab":1,"iceandfire:dragon_skull_ice":23,"minecraft:chest":26,"minecraft:stone":1,"alexscaves:ambersol":3,"iceandfire:frozen_grass":3,"minecraft:snowball":70,"minecraft:packed_ice":4,"friendsandfoes:totem_of_illusion":2,"minecraft:sweet_berries":9,"mutantmonsters:hulk_hammer":8,"supplementaries:ash":4,"minecraft:oak_sapling":6,"iceandfire:frozen_cobblestone":5,"iceandfire:armor_sapphire_leggings":1,"minecraft:potato":18,"minecraft:light_blue_carpet":1,"minecraft:mossy_stone_bricks":1,"minecraft:diorite":26,"minecraft:damaged_anvil":1,"minecraft:spruce_door":1,"minecraft:wooden_pickaxe":59,"minecraft:oak_leaves":112,"minecraft:cookie":15,"iceandfire:frozen_dirt":2,"minecraft:glow_berries":2,"minecraft:sand":2,"iceandfire:lightning_dragon_flesh":1,"born_in_chaos_v1:monster_flesh":1,"minecraft:dark_oak_fence":2,"minecraft:iron_bars":2,"minecraft:stone_sword":131,"luminousworld:snow_poppy":1,"minecraft:enchanting_table":1,"minecraft:dead_bush":1,"born_in_chaos_v1:ethereal_spirit":3,"minecraft:stick":2,"minecraft:torch":202,"minecraft:brewing_stand":2,"minecraft:golden_shovel":32,"minecraft:iron_axe":356,"minecraft:brick_stairs":10,"minecraft:smooth_basalt":1,"luminousworld:savannah_soil":13,"minecraft:acacia_wood":1,"tombstone:gift":12,"minecraft:acacia_planks":56,"minecraft:wheat_seeds":130,"minecraft:water_bucket":5,"iceandfire:dragon_skull_lightning":2,"better_weaponry:iron_scythe":1780,"minecraft:mossy_cobblestone":1,"minecraft:crafting_table":35,"minecraft:white_bed":1,"minecraft:spruce_log":1,"minecraft:iron_pickaxe":312,"tombstone:magic_scroll":3,"iceandfire:cyclops_skull":1,"minecraft:spruce_sapling":18,"minecraft:potion":4,"minecraft:cobblestone":98,"minecraft:cooked_porkchop":4,"minecraft:sandstone_slab":2,"alexscaves:flytrap":1,"minecraft:candle":1,"minecraft:iron_shovel":528,"minecraft:oak_sign":2,"minecraft:iron_sword":99,"alexscaves:flood_basalt":1,"minecraft:carrot":277,"iceandfire:frozen_stone":2,"born_in_chaos_v1:corpse_maggot":3,"minecraft:bricks":1,"minecraft:packed_mud":2,"alexscaves:amber":165,"minecraft:iron_helmet":2,"luminousworld:elephant_grass":1,"minecraft:stone_bricks":2,"minecraft:item_frame":9,"minecraft:brown_carpet":4,"minecraft:hay_block":1,"minecraft:scaffolding":1,"minecraft:dark_oak_stairs":2,"minecraft:stone_pickaxe":313,"minecraft:oak_planks":8,"iceandfire:armor_green_helmet":1,"minecraft:ender_pearl":1,"better_weaponry:stone_scythe":1130,"minecraft:sandstone":13,"minecraft:blue_bed":8,"minecraft:crossbow":3,"alexscaves:trilocaris_tail":2,"minecraft:cyan_bed":19,"minecraft:bread":643,"minecraft:brown_wool":1,"minecraft:string":5,"minecraft:gravel":2,"luminousworld:palmplank":1,"iceandfire:dragon_skull_fire":2,"minecraft:grindstone":1,"immersive_aircraft:gyrodyne":4,"minecraft:cooked_rabbit":1,"minecraft:andesite":2,"minecraft:bone_meal":99,"minecraft:cobweb":8,"minecraft:netherite_sword":51,"minecraft:flint_and_steel":1,"minecraft:stone_shovel":42,"undead_revamp2:blacpetalblock":2,"minecraft:spruce_planks":2,"minecraft:cooked_chicken":29,"minecraft:dirt":560,"alexscaves:limestone":70,"minecraft:granite":52,"iceandfire:myrmex_desert_resin_glass":1,"minecraft:dark_oak_planks":14,"minecraft:bookshelf":27,"minecraft:smooth_sandstone":3,"minecraft:acacia_slab":2,"minecraft:golden_carrot":1,"minecraft:stone_pressure_plate":3,"minecraft:cooked_beef":31,"iceandfire:dragonbone_pickaxe":1818,"minecraft:light_gray_bed":5,"born_in_chaos_v1:trident_hayfork":10,"minecraft:cooked_mutton":3,"tombstone:scroll_of_knowledge":1,"iceandfire:fire_dragon_flesh":2,"better_weaponry:wooden_scythe":32,"alexscaves:dinosaur_chop":1,"luminousworld:ishstone":5,"minecraft:green_bed":4,"alexscaves:curly_fern":1,"tombstone:bag_of_seeds":4,"minecraft:flower_pot":1,"minecraft:apple":8,"minecraft:golden_leggings":1,"minecraft:white_banner":1,"minecraft:bucket":6,"minecraft:pumpkin_pie":5,"minecraft:yellow_bed":1,"alexsmobs:animal_dictionary":5,"takesapillage:ravager_horn":1,"minecraft:splash_potion":1,"minecraft:chainmail_leggings":1},"minecraft:broken":{"minecraft:iron_boots":1,"iceandfire:armor_blue_helmet":1,"minecraft:iron_leggings":1,"takesapillage:ravager_horn":1,"iceandfire:armor_sapphire_leggings":3,"iceandfire:armor_green_helmet":1,"iceandfire:armor_sapphire_helmet":4,"minecraft:stone_sword":1,"minecraft:wooden_pickaxe":1,"minecraft:iron_axe":1,"minecraft:iron_pickaxe":1,"iceandfire:dragonbone_pickaxe":1,"minecraft:iron_shovel":1,"iceandfire:armor_red_boots":1,"minecraft:golden_shovel":1,"minecraft:stone_pickaxe":2,"iceandfire:armor_gray_chestplate":1,"iceandfire:armor_blue_leggings":1,"iceandfire:armor_blue_boots":1,"minecraft:stone_shovel":2,"better_weaponry:stone_scythe":10,"better_weaponry:iron_scythe":5,"iceandfire:armor_sapphire_boots":3,"better_weaponry:wooden_scythe":1,"iceandfire:armor_sapphire_chestplate":4},"minecraft:killed_by":{"undead_revamp2:the_moonflower":1,"minecraft:zombie":1,"iceandfire:ice_dragon":1,"undead_revamp2:thesmoker":1},"minecraft:dropped":{"minecraft:iron_sword":5,"minecraft:porkchop":6,"minecraft:lapis_lazuli":13,"minecraft:cooked_beef":3,"minecraft:glass_bottle":4,"alexscaves:curly_fern":7,"minecraft:dark_oak_slab":4,"minecraft:pitcher_pod":6,"mowziesmobs:ice_crystal":2,"minecraft:crossbow":1,"iceandfire:ectoplasm":5,"minecraft:saddle":1,"born_in_chaos_v1:nightmare_claw":4,"minecraft:item_frame":7,"minecraft:leather_helmet":1,"born_in_chaos_v1:monster_flesh":26,"minecraft:packed_mud":5,"minecraft:dirt":6,"minecraft:stone_button":3,"minecraft:dark_oak_fence":1,"iceandfire:myrmex_desert_chitin":1,"iceandfire:dragon_horn":1,"minecraft:mangrove_stairs":4,"minecraft:horn_coral":1,"minecraft:sand":4,"minecraft:mangrove_slab":2,"minecraft:dark_oak_planks":1,"undead_revamp2:blacpetalblock":1,"minecraft:birch_stairs":7,"alexscaves:cycad":4,"minecraft:white_wool":1,"minecraft:blue_bed":1,"minecraft:cyan_carpet":1,"iceandfire:dragonbone_pickaxe":1,"minecraft:bone":5,"iceandfire:armor_sapphire_chestplate":1,"minecraft:iron_nugget":2,"minecraft:golden_chestplate":5,"alexsmobs:animal_dictionary":1,"minecraft:wheat":1,"undead_revamp2:arapholia":13,"minecraft:rotten_flesh":281,"minecraft:blaze_powder":10,"better_weaponry:iron_scythe":1,"iceandfire:frozen_grass":1,"minecraft:salmon":1,"iceandfire:dragonscales_blue":1,"supplementaries:flax_seeds":11,"luminousworld:grassflowers":7,"born_in_chaos_v1:fangofthe_hound_leader":1,"minecraft:acacia_sapling":1,"minecraft:yellow_banner":1,"minecraft:leather_leggings":2,"minecraft:spruce_slab":1,"minecraft:beef":7,"iceandfire:armor_sapphire_helmet":1,"minecraft:enchanted_book":7,"iceandfire:manuscript":2,"born_in_chaos_v1:intoxicating_decoction":1,"born_in_chaos_v1:shattered_skull":1,"luminousworld:beastiary":1,"minecraft:wheat_seeds":210,"minecraft:dripstone_block":1,"minecraft:feather":5,"minecraft:yellow_terracotta":6,"minecraft:oak_fence":1,"minecraft:iron_helmet":13,"minecraft:cobblestone":1,"minecraft:spruce_door":1,"minecraft:chainmail_helmet":1,"minecraft:oxeye_daisy":1,"born_in_chaos_v1:gnawed_bones":1,"minecraft:rose_bush":10,"minecraft:dead_bush":22,"alexscaves:limestone":8,"minecraft:white_banner":2,"minecraft:string":3,"minecraft:chainmail_leggings":3,"iceandfire:frozen_cobblestone":4,"iceandfire:silver_nugget":1,"minecraft:moss_carpet":4,"minecraft:creeper_head":1,"iceandfire:myrmex_stinger":1,"minecraft:white_carpet":4,"minecraft:clay_ball":1,"minecraft:iron_boots":8,"iceandfire:dragon_skull_ice":1,"minecraft:name_tag":2,"minecraft:white_terracotta":2,"minecraft:torchflower_seeds":2,"minecraft:pumpkin_seeds":2,"minecraft:potato":22,"alexscaves:archaic_vine":4,"alexscaves:heavy_bone":1,"minecraft:bundle":6,"minecraft:stone_pressure_plate":2,"minecraft:bow":7,"minecraft:sandstone":2,"luminousworld:elephant_grass":1,"minecraft:blue_orchid":19,"minecraft:terracotta":1,"minecraft:brown_mushroom":2,"minecraft:dark_oak_stairs":4,"minecraft:lantern":1,"iceandfire:graveyard_soil":9,"paraglider:spirit_orb":9,"tombstone:bag_of_seeds":3,"born_in_chaos_v1:monster_skin":21,"minecraft:mutton":2,"minecraft:snowball":2,"iceandfire:dragonscales_red":14,"born_in_chaos_v1:fire_dust":2,"minecraft:pointed_dripstone":12,"born_in_chaos_v1:ethereal_spirit":7,"minecraft:beetroot":1,"artifacts:villager_hat":2,"luminousworld:savannah_soil":9,"minecraft:chainmail_chestplate":5,"minecraft:poppy":2,"supplementaries:ash":71,"minecraft:beetroot_seeds":5,"minecraft:melon_seeds":11,"born_in_chaos_v1:corpse_maggot":16,"minecraft:azalea":7,"minecraft:chainmail_boots":1,"minecraft:arrow":1,"minecraft:netherrack":1,"minecraft:bread":67,"iceandfire:dragonscales_sapphire":2,"minecraft:golden_helmet":2,"minecraft:cherry_log":3,"minecraft:mossy_cobblestone":3,"mowziesmobs:foliaath_seed":7,"enemyexpansion:scorpion_tail":1,"minecraft:spruce_stairs":2,"minecraft:stick":12,"iceandfire:armor_sapphire_boots":1,"illagerinvasion:platinum_chunk":12,"minecraft:torch":94,"tombstone:grave_key":1,"luminousworld:savannah_ground":11,"born_in_chaos_v1:fused_bone":1,"minecraft:jungle_door":3,"minecraft:map":1,"tombstone:grave_dust":35,"minecraft:iron_leggings":9,"minecraft:polished_andesite_stairs":1,"minecraft:flowering_azalea":1,"minecraft:raw_iron_block":1,"minecraft:cactus":23,"earthmobsmod:duck_egg":1,"minecraft:dandelion":1,"alexsmobs:maggot":2,"minecraft:tuff":13,"minecraft:iron_hoe":2,"aether:iron_gloves":7,"aether:diamond_gloves":2,"minecraft:iron_chestplate":5,"luminousworld:groundpebbles_1":5,"minecraft:mossy_stone_bricks":1,"minecraft:golden_leggings":3,"minecraft:slime_ball":13,"minecraft:calcite":2,"luminousworld:purple_petunias":1},"minecraft:custom":{"minecraft:interact_with_crafting_table":175,"minecraft:open_barrel":315,"goblintraders:trade_with_goblin":90,"minecraft:bell_ring":2,"minecraft:leave_game":52,"minecraft:time_since_death":80666,"minecraft:play_time":1480730,"minecraft:deaths":36,"minecraft:jump":30516,"minecraft:enchant_item":12,"minecraft:interact_with_furnace":18,"minecraft:interact_with_cartography_table":1,"minecraft:sleep_in_bed":51,"tombstone:sneak_grave":4,"minecraft:damage_dealt":408038,"tombstone:undead_killed":797,"minecraft:interact_with_smoker":2,"minecraft:interact_with_smithing_table":5,"minecraft:interact_with_anvil":4,"minecraft:sneak_time":76194,"minecraft:interact_with_lectern":1,"minecraft:interact_with_blast_furnace":2,"minecraft:total_world_time":1480730,"tombstone:raider_killed":174,"minecraft:tune_noteblock":4,"minecraft:time_since_rest":14398,"minecraft:swim_one_cm":402186,"minecraft:fly_one_cm":5585671,"minecraft:open_chest":931,"minecraft:fall_one_cm":794829,"minecraft:damage_resisted":161,"minecraft:sprint_one_cm":2601476,"minecraft:drop":608,"minecraft:play_noteblock":2,"minecraft:talked_to_villager":12,"minecraft:interact_with_brewingstand":26,"minecraft:walk_on_water_one_cm":151004,"minecraft:crouch_one_cm":262295,"minecraft:mob_kills":1377,"minecraft:damage_dealt_resisted":14258,"minecraft:climb_one_cm":71245,"minecraft:walk_one_cm":4769225,"minecraft:walk_under_water_one_cm":137882,"minecraft:raid_trigger":1,"minecraft:interact_with_grindstone":6,"minecraft:damage_taken":50245,"minecraft:trigger_trapped_chest":11},"minecraft:mined":{"minecraft:dark_oak_planks":9,"minecraft:cut_sandstone_slab":7,"minecraft:white_bed":1,"iceandfire:copper_pile":35,"minecraft:obsidian":3,"alexscaves:limestone":361,"minecraft:potted_dead_bush":1,"minecraft:granite":61,"placeablesmod:carrot_block_1":1,"minecraft:brown_wool":2,"twilightforest:twilight_oak_chest":1,"minecraft:light_gray_bed":4,"minecraft:coal_block":27,"luminousworld:savanna_grass_2":1,"minecraft:spawner":123,"twilightforest:mining_chest":1,"minecraft:barrel":15,"minecraft:cobbled_deepslate":1,"minecraft:fire":163,"minecraft:deepslate_lapis_ore":4,"minecraft:fletching_table":1,"placeablesmod:empty_bucket_block":1,"minecraft:dirt_path":1,"minecraft:oak_stairs":1,"minecraft:spruce_wood":1,"minecraft:stripped_mangrove_wood":1,"minecraft:iron_block":3,"minecraft:player_head":1,"minecraft:tripwire":1,"minecraft:orange_bed":1,"minecraft:sandstone_slab":2,"minecraft:cut_sandstone":1,"alexscaves:amber":241,"minecraft:red_bed":2,"minecraft:smoker":7,"minecraft:blue_stained_glass":2,"minecraft:torch":72,"minecraft:blast_furnace":8,"minecraft:polished_andesite_stairs":1,"minecraft:dead_bush":7,"iceandfire:sapphire_ore":6,"minecraft:cyan_bed":20,"minecraft:damaged_anvil":1,"minecraft:bricks":108,"minecraft:skeleton_skull":2,"minecraft:white_terracotta":2,"minecraft:mud":1,"minecraft:wheat":113,"minecraft:grass":32,"placeablesmod:emerald_block_1":1,"luminousworld:grassvariant_3":3,"minecraft:smooth_basalt":1,"minecraft:deepslate":30,"alexscaves:flood_basalt":12,"minecraft:yellow_terracotta":6,"minecraft:dark_prismarine":12,"alexscaves:primal_magma":46,"iceandfire:silver_ore":15,"minecraft:mossy_cobblestone":4,"minecraft:sea_lantern":8,"minecraft:dark_oak_fence":1,"minecraft:jungle_planks":1,"iceandfire:frozen_grass":4,"twilightforest:canopy_chest":1,"iceandfire:deepslate_silver_ore":4,"luminousworld:grassvariant_2":4,"minecraft:moss_block":1,"minecraft:packed_mud":5,"minecraft:snow":37,"minecraft:acacia_wood":11,"placeablesmod:water_bucket_block":1,"minecraft:andesite":34,"minecraft:potatoes":9,"minecraft:vine":2,"iceandfire:frost_lily":2,"luminousworld:clovers_3":3,"minecraft:white_wool":22,"minecraft:smithing_table":3,"luminousworld:savannah_soil":15,"minecraft:birch_stairs":6,"minecraft:mangrove_stairs":6,"minecraft:glass_pane":2,"minecraft:brown_carpet":3,"ecologics:thin_ice":1,"minecraft:smooth_sandstone":3,"alexscaves:flytrap":1,"minecraft:campfire":4,"minecraft:tall_grass":8,"minecraft:copper_ore":6,"minecraft:deepslate_gold_ore":13,"minecraft:diorite":26,"minecraft:black_stained_glass":2,"minecraft:trapped_chest":1,"minecraft:white_carpet":42,"minecraft:spruce_log":90,"minecraft:birch_leaves":5,"luminousworld:clovers_5":2,"iceandfire:silver_pile":164,"luminousworld:ishstone":41,"minecraft:gravel":2,"minecraft:sunflower":1,"minecraft:dripstone_block":26,"minecraft:cobweb":44,"minecraft:acacia_planks":7,"minecraft:stone_bricks":4,"minecraft:gold_ore":25,"undead_revamp2:arapholia":1,"minecraft:spruce_planks":1,"minecraft:stone_pressure_plate":1,"iceandfire:graveyard_soil":10,"minecraft:cobblestone_stairs":1,"minecraft:orange_wool":1,"minecraft:brewing_stand":4,"minecraft:grass_block":407,"minecraft:raw_iron_block":1,"minecraft:glowstone":42,"minecraft:iron_ore":164,"minecraft:anvil":1,"minecraft:azure_bluet":1,"minecraft:dark_oak_stairs":8,"minecraft:pointed_dripstone":6,"minecraft:iron_bars":2,"alexscaves:ambersol":10,"ecologics:walnut_log":13,"minecraft:azalea_leaves":1,"minecraft:spruce_slab":3,"minecraft:green_bed":6,"ecologics:pot":7,"minecraft:orange_terracotta":1,"iceandfire:dragon_ice_spikes":25,"iceandfire:myrmex_desert_resin_glass":1,"minecraft:calcite":2,"iceandfire:ghost_chest":2,"minecraft:chest":54,"iceandfire:frozen_dirt":1,"minecraft:cobblestone":24,"minecraft:grindstone":2,"minecraft:oak_planks":2,"placeablesmod:bread_full_block":23,"minecraft:wall_torch":68,"luminousworld:clovers_1":3,"minecraft:yellow_wool":24,"minecraft:lapis_block":1,"minecraft:tnt":13,"minecraft:oak_log":54,"minecraft:beetroots":1,"ecologics:azalea_log":8,"ecologics:flowering_azalea_log":1,"minecraft:sand":8,"minecraft:dirt":233,"minecraft:netherrack":1,"luminousworld:savannah_grass_4":2,"minecraft:oak_leaves":20,"minecraft:emerald_block":1,"luminousworld:groundpebbles_1":1,"minecraft:tuff":16,"minecraft:red_carpet":1,"minecraft:stripped_mangrove_log":1,"iceandfire:frozen_cobblestone":4,"minecraft:glow_lichen":1,"iceandfire:frozen_stone":2,"minecraft:brick_stairs":11,"luminousworld:clovers_2":1,"minecraft:spruce_leaves":31,"minecraft:acacia_slab":2,"minecraft:sandstone":9,"minecraft:large_fern":2,"minecraft:hay_block":304,"minecraft:furnace":11,"minecraft:spruce_sapling":3,"minecraft:carrots":53,"minecraft:raw_gold_block":13,"minecraft:gold_block":3,"minecraft:bookshelf":76,"minecraft:deepslate_iron_ore":16,"minecraft:lantern":1,"luminousworld:snowgrass":18,"minecraft:packed_ice":4,"alexscaves:curly_fern":2,"minecraft:stone":511,"minecraft:scaffolding":1,"minecraft:acacia_leaves":9,"luminousworld:palmplank":1,"minecraft:oak_fence":1,"minecraft:crafting_table":37,"luminousworld:savannah_grass_1":2,"minecraft:rose_bush":1,"minecraft:deepslate_coal_ore":1,"minecraft:lapis_ore":12,"minecraft:blue_bed":8,"supplementaries:urn":14,"minecraft:birch_planks":6,"minecraft:sweet_berry_bush":2,"minecraft:ice":7,"minecraft:yellow_bed":1,"minecraft:mangrove_slab":2,"minecraft:coal_ore":226,"minecraft:cyan_carpet":1,"minecraft:yellow_concrete":2,"minecraft:cracked_stone_bricks":3,"minecraft:terracotta":15,"minecraft:polished_andesite":1,"minecraft:mossy_stone_bricks":2},"minecraft:killed":{"illagerinvasion:archivist":1,"luminousworld:miner_zombie":1,"minecraft:cave_spider":9,"born_in_chaos_v1:zombie_lumberjack":6,"born_in_chaos_v1:restless_spirit":2,"born_in_chaos_v1:skeleton_demoman":1,"enemyexpansion:equestrian":6,"luminousworld:frost_bitten_skeleton":12,"undead_revamp2:axestrom":8,"mowziesmobs:frostmaw":2,"iceandfire:stymphalian_bird":1,"born_in_chaos_v1:siamese_skeletonsright":1,"illagerinvasion:basher":1,"born_in_chaos_v1:baby_skeleton_minion":7,"minecraft:skeleton":266,"born_in_chaos_v1:skeleton_thrasher":2,"creeperoverhaul:cave_creeper":1,"undead_revamp2:thepregnant":3,"undead_revamp2:thespitter":3,"luminousworld:hollow":23,"enemyexpansion:tarantula":1,"minecraft:iron_golem":2,"undead_revamp2:theheavy":3,"mutantmonsters:mutant_skeleton":1,"minecraft:pillager":126,"undead_revamp2:slaveman":1,"enemyexpansion:meature":1,"minecraft:zombie":70,"born_in_chaos_v1:corpse_fly":17,"enemyexpansion:botfly":22,"alexsmobs:roadrunner":2,"alexsmobs:rain_frog":1,"born_in_chaos_v1:door_knight":4,"takesapillage:archer":3,"minecraft:cow":14,"luminousworld:frostbitten_zombie":7,"minecraft:evoker":1,"undead_revamp2:thehunter":20,"undead_revamp2:theimmortal":8,"creeperoverhaul:badlands_creeper":3,"minecraft:vindicator":15,"illagerinvasion:marauder":3,"undead_revamp2:bomber":8,"luminousworld:pheonix":1,"creeperoverhaul:snowy_creeper":8,"minecraft:horse":2,"born_in_chaos_v1:dire_hound_leader":1,"mowziesmobs:ferrous_wroughtnaut":1,"undead_revamp2:thebidy":7,"goblintraders:goblin_trader":3,"born_in_chaos_v1:barrel_zombie":1,"enemyexpansion:scorpion":5,"friendsandfoes:copper_golem":2,"born_in_chaos_v1:spirit_guide":1,"minecraft:husk":22,"alexsmobs:guster":2,"iceandfire:cyclops":1,"naturalist:bear":1,"undead_revamp2:the_moonflower":69,"enemyexpansion:sprinter":5,"minecraft:ravager":1,"earthmobsmod:wooly_cow":6,"born_in_chaos_v1:decrepit_skeleton":11,"undead_revamp2:thesomnolence":2,"alexsmobs:crocodile":1,"endermanoverhaul:cave_enderman":6,"iceandfire:ghost":26,"born_in_chaos_v1:dark_vortex":3,"iceandfire:ice_dragon":4,"earthmobsmod:horned_sheep":1,"undead_revamp2:thewolf":5,"born_in_chaos_v1:zombie_clown":1,"minecraft:witch":2,"minecraft:spider":10,"undead_revamp2:thesmoker":8,"born_in_chaos_v1:scarlet_persecutor":7,"illagerinvasion:provoker":2,"undead_revamp2:therod":5,"minecraft:illusioner":1,"undead_revamp2:thespectre":1,"undead_revamp2:crackleball":6,"born_in_chaos_v1:firelight_not_despawn":1,"alexsmobs:kangaroo":1,"artifacts:mimic":7,"born_in_chaos_v1:bonescaller":1,"minecraft:pig":1,"minecraft:zombie_villager":5,"undead_revamp2:thebeartamer":5,"minecraft:creeper":10,"minecraft:sheep":2,"undead_revamp2:thebidyupside":3,"minecraft:trader_llama":2,"born_in_chaos_v1:zombie_fisherman":1,"luminousworld:savannah_skeleton":4,"born_in_chaos_v1:dread_hound":7,"iceandfire:stone_statue":1,"born_in_chaos_v1:siamese_skeletonsleft":1,"alexscaves:vallumraptor":10,"minecraft:vex":2,"born_in_chaos_v1:missioner":2,"alexsmobs:tarantula_hawk":1,"takesapillage:legioner":1,"enemyexpansion:direwolf":27,"minecraft:slime":3,"born_in_chaos_v1:zombie_bruiser":9,"born_in_chaos_v1:maggot":37,"minecraft:phantom":11,"iceandfire:fire_dragon":2,"born_in_chaos_v1:corpse_fish":2,"iceandfire:deathworm":1,"undead_revamp2:thehorrors":2,"undead_revamp2:sucker":20,"enemyexpansion:goblin":1,"luminousworld:savannah_zombie":1,"iceandfire:myrmex_sentinel":1,"enemyexpansion:starved":1,"born_in_chaos_v1:fallen_chaos_knight":4,"born_in_chaos_v1:baby_skeleton":5,"born_in_chaos_v1:swarmer":1,"born_in_chaos_v1:spirit_guide_assistant":2,"takesapillage:skirmisher":1,"minecraft:bat":1,"minecraft:hoglin":65,"earthmobsmod:umbra_cow":3,"born_in_chaos_v1:phantom_creeper_copy":1,"born_in_chaos_v1:decaying_zombie":1,"alexscaves:subterranodon":3,"enemyexpansion:huntsman":10,"born_in_chaos_v1:nightmare_stalker":9,"mutantmonsters:mutant_zombie":1,"minecraft:wither_skeleton":90,"enemyexpansion:slugger":5}},"DataVersion":3465}