{"stats":{"minecraft:broken":{"iceandfire:armor_red_boots":1,"minecraft:iron_leggings":1,"iceandfire:armor_sapphire_leggings":1,"iceandfire:armor_gray_chestplate":1,"iceandfire:armor_red_helmet":1,"iceandfire:armor_sapphire_helmet":1,"better_weaponry:stone_scythe":6,"aether:iron_gloves":1,"better_weaponry:iron_scythe":1,"iceandfire:armor_sapphire_boots":1,"minecraft:iron_pickaxe":1},"minecraft:picked_up":{"minecraft:wooden_axe":1,"minecraft:iron_chestplate":2,"minecraft:wheat":20,"minecraft:chainmail_boots":1,"illagerinvasion:platinum_chunk":2,"minecraft:creeper_head":1,"minecraft:flower_pot":2,"alexscaves:cave_tablet":2,"minecraft:oak_stairs":4,"earthmobsmod:fancy_egg":10,"alexscaves:trilocaris_tail":1,"minecraft:enchanted_book":1,"earthmobsmod:bone_shard":2,"minecraft:string":17,"minecraft:raw_copper":17,"minecraft:iron_leggings":4,"minecraft:armor_stand":3,"minecraft:experience_bottle":2,"minecraft:oak_sign":1,"minecraft:beetroot":10,"minecraft:red_sand":1,"minecraft:gold_nugget":8,"minecraft:smooth_stone":6,"earthmobsmod:duck_egg":1,"minecraft:iron_pickaxe":3,"minecraft:smooth_quartz":14,"alexsmobs:raccoon_tail":1,"iceandfire:dragonscales_red":9,"minecraft:furnace":1,"minecraft:iron_boots":1,"minecraft:tipped_arrow":2,"minecraft:stick":67,"born_in_chaos_v1:shattered_skull":1,"minecraft:jungle_door":5,"minecraft:oak_fence":2,"minecraft:torch":4,"minecraft:acacia_log":160,"minecraft:spruce_stairs":1,"minecraft:sandstone_wall":4,"minecraft:porkchop":57,"tombstone:grave_dust":52,"minecraft:orange_bed":3,"luminousworld:grassflowers":2,"minecraft:rotten_flesh":117,"supplementaries:ash":7,"alexscaves:archaic_vine":2,"undead_revamp2:arapholia":5,"minecraft:cobblestone":112,"minecraft:leather_chestplate":1,"minecraft:feather":12,"minecraft:cooked_beef":22,"minecraft:black_bed":1,"minecraft:brown_wool":15,"minecraft:potato":68,"paraglider:spirit_orb":12,"minecraft:flint":3,"undead_revamp2:huntereye":1,"minecraft:mangrove_slab":1,"minecraft:dirt":69,"minecraft:lantern":6,"born_in_chaos_v1:monster_skin":22,"minecraft:bone":90,"undead_revamp2:blacpetalblock":4,"minecraft:bow":8,"minecraft:wheat_seeds":24,"luminousworld:elephant_grass":2,"minecraft:rabbit":1,"minecraft:diamond_helmet":1,"minecraft:oak_planks":5,"friendsandfoes:totem_of_freezing":1,"iceandfire:dragonscales_sapphire":27,"iceandfire:dragon_skull_fire":1,"minecraft:sand":6,"iceandfire:armor_sapphire_helmet":1,"iceandfire:frozen_dirt":1,"naturalist:duck_egg":4,"minecraft:mossy_cobblestone":3,"undead_revamp2:heavytooth":1,"minecraft:bundle":3,"minecraft:light_gray_concrete":3,"born_in_chaos_v1:fire_dust":1,"minecraft:blue_ice":1,"minecraft:crossbow":1,"better_weaponry:iron_scythe":1,"minecraft:bone_meal":2,"alexsmobs:moose_ribs":3,"minecraft:bread":14,"minecraft:emerald":25,"alexsmobs:maggot":1,"minecraft:oak_sapling":23,"minecraft:netherrack":2,"iceandfire:silver_nugget":49,"iceandfire:raw_silver":4,"undead_revamp2:bostroxingot":5,"luminousworld:groundpebbles_1":2,"minecraft:crafting_table":4,"minecraft:coarse_dirt":1,"minecraft:chicken":7,"born_in_chaos_v1:seedof_chaos":3,"minecraft:leather_leggings":1,"minecraft:brown_mushroom":2,"minecraft:wooden_pickaxe":1,"minecraft:cooked_rabbit":1,"iceandfire:frozen_cobblestone":5,"minecraft:chain":2,"iceandfire:frozen_stone":9,"minecraft:moss_carpet":2,"minecraft:stone_stairs":2,"minecraft:iron_axe":5,"minecraft:item_frame":1,"minecraft:iron_shovel":1,"minecraft:white_carpet":1,"luminousworld:palm_log":12,"tombstone:scroll_of_unstable_intangibility":2,"minecraft:beef":43,"alexscaves:thornwood_log":2,"sawmill:sawmill":2,"born_in_chaos_v1:gnawed_bones":1,"minecraft:player_head":2,"minecraft:iron_nugget":7,"minecraft:tinted_glass":1,"iceandfire:dragonscales_electric":17,"minecraft:chest":1,"minecraft:phantom_membrane":1,"iceandfire:ice_dragon_heart":2,"naturalist:duck":4,"minecraft:sandstone":2,"minecraft:raw_iron":4,"iceandfire:dragonbone":29,"iceandfire:dragonscales_gray":12,"minecraft:copper_ingot":4,"luminousworld:palm_sapling":1,"minecraft:cookie":10,"minecraft:carrot":31,"minecraft:redstone":4,"minecraft:dark_oak_planks":9,"iceandfire:dragon_skull_ice":2,"minecraft:arrow":75,"alexscaves:dark_tatters":4,"minecraft:beetroot_seeds":30,"minecraft:peony":13,"mowziesmobs:ice_crystal":2,"minecraft:gold_ingot":6,"iceandfire:armor_sapphire_boots":1,"tombstone:essence_of_undeath":3,"minecraft:glow_berries":1,"minecraft:mutton":12,"alexsmobs:kangaroo_meat":2,"minecraft:white_wool":26,"born_in_chaos_v1:corpse_maggot":12,"luminousworld:palmplank":1,"born_in_chaos_v1:monster_flesh":1,"minecraft:glow_ink_sac":6,"minecraft:salmon":1,"alexsmobs:acacia_blossom":6,"minecraft:leather":36,"iceandfire:armor_sapphire_leggings":1,"alexscaves:limestone":7,"minecraft:packed_mud":2,"minecraft:oak_log":36,"minecraft:chainmail_chestplate":1,"minecraft:gunpowder":13,"minecraft:blue_bed":3,"minecraft:white_banner":3,"alexscaves:amber":4,"minecraft:cooked_mutton":3,"minecraft:smooth_sandstone":14,"minecraft:red_carpet":67,"minecraft:apple":6,"iceandfire:armor_silver_metal_helmet":1,"minecraft:iron_ingot":72,"tombstone:bag_of_seeds":1,"alexscaves:curly_fern":5,"iceandfire:fire_dragon_flesh":3,"minecraft:iron_sword":2,"mowziesmobs:umvuthana_mask_misery":1,"minecraft:acacia_sapling":64,"minecraft:scaffolding":1,"minecraft:oak_slab":1,"luminousworld:clovers_1":1,"iceandfire:dragon_horn":1,"born_in_chaos_v1:orbofthe_summoner":1,"iceandfire:ash":3,"born_in_chaos_v1:ethereal_spirit":3,"minecraft:dripstone_block":1,"born_in_chaos_v1:dark_rod":2,"born_in_chaos_v1:fangofthe_hound_leader":2,"minecraft:spruce_log":11,"undead_revamp2:rawbostrox":3,"minecraft:firework_rocket":1,"minecraft:slime_ball":7,"minecraft:chainmail_leggings":1,"minecraft:iron_helmet":2,"minecraft:gray_wool":1,"iceandfire:ice_dragon_flesh":6,"tombstone:magic_scroll":9,"minecraft:black_wool":5,"better_weaponry:diamond_scythe":1,"minecraft:coal":108,"minecraft:ender_pearl":1},"minecraft:custom":{"minecraft:interact_with_crafting_table":78,"minecraft:open_barrel":21,"minecraft:leave_game":38,"minecraft:time_since_death":184165,"minecraft:damage_resisted":241,"minecraft:sprint_one_cm":4074571,"minecraft:damage_blocked_by_shield":350,"minecraft:drop":402,"minecraft:play_noteblock":1,"minecraft:talked_to_villager":3,"minecraft:play_time":1192529,"minecraft:deaths":18,"minecraft:jump":22026,"minecraft:walk_on_water_one_cm":166524,"minecraft:interact_with_furnace":104,"minecraft:interact_with_cartography_table":1,"minecraft:sleep_in_bed":19,"minecraft:damage_dealt":149411,"minecraft:player_kills":1,"minecraft:crouch_one_cm":29558,"tombstone:undead_killed":318,"minecraft:interact_with_smithing_table":1,"minecraft:interact_with_anvil":1,"minecraft:mob_kills":588,"minecraft:damage_dealt_resisted":4727,"minecraft:climb_one_cm":37904,"minecraft:walk_one_cm":2353785,"minecraft:sneak_time":11931,"minecraft:walk_under_water_one_cm":110460,"minecraft:total_world_time":1192529,"tombstone:raider_killed":25,"minecraft:tune_noteblock":11,"minecraft:pot_flower":2,"minecraft:interact_with_stonecutter":1,"minecraft:time_since_rest":61471,"minecraft:damage_taken":23917,"minecraft:damage_absorbed":98,"minecraft:trigger_trapped_chest":1,"tombstone:cast_on_ally":1,"minecraft:swim_one_cm":257668,"minecraft:fly_one_cm":3694124,"minecraft:open_chest":371,"minecraft:fall_one_cm":418497},"minecraft:used":{"minecraft:oak_sign":1,"minecraft:chest":6,"minecraft:shield":15,"earthmobsmod:fancy_egg":1,"minecraft:player_head":1,"minecraft:carrot":51,"minecraft:obsidian":1,"born_in_chaos_v1:corpse_maggot":3,"alexscaves:amber":1,"friendsandfoes:totem_of_freezing":1,"minecraft:item_frame":1,"minecraft:red_carpet":3,"minecraft:bow":83,"minecraft:furnace":6,"minecraft:oak_planks":43,"luminousworld:groundpebbles_1":2,"minecraft:ender_pearl":1,"minecraft:wooden_pickaxe":45,"better_weaponry:stone_scythe":931,"minecraft:blue_bed":3,"minecraft:cookie":3,"minecraft:golden_apple":2,"minecraft:black_bed":1,"minecraft:bread":127,"better_weaponry:diamond_scythe":7,"luminousworld:palmplank":25,"minecraft:cooked_rabbit":1,"minecraft:experience_bottle":2,"minecraft:oak_fence":5,"minecraft:flint_and_steel":5,"minecraft:armor_stand":1,"minecraft:stone_shovel":43,"minecraft:spruce_planks":5,"minecraft:orange_bed":3,"minecraft:cooked_chicken":7,"minecraft:oak_door":1,"minecraft:torch":5,"minecraft:dirt":38,"alexsmobs:cooked_kangaroo_meat":2,"minecraft:wooden_axe":5,"minecraft:iron_axe":186,"undead_revamp2:huntereye":1,"tombstone:gift":6,"minecraft:cooked_beef":62,"minecraft:cooked_mutton":13,"iceandfire:fire_dragon_flesh":3,"better_weaponry:wooden_scythe":24,"minecraft:rabbit":1,"minecraft:baked_potato":78,"better_weaponry:iron_scythe":246,"minecraft:crafting_table":10,"minecraft:apple":66,"minecraft:iron_pickaxe":318,"tombstone:magic_scroll":20,"minecraft:cobblestone":9,"minecraft:potion":1,"minecraft:white_banner":2,"minecraft:cooked_porkchop":41},"minecraft:mined":{"minecraft:dark_oak_planks":25,"minecraft:waxed_cut_copper_slab":1,"minecraft:cut_sandstone_slab":1,"minecraft:spruce_planks":1,"alexscaves:limestone":1,"minecraft:red_sand":1,"minecraft:acacia_log":160,"minecraft:grass_block":29,"minecraft:oak_wall_sign":1,"luminousworld:savanna_grass_2":8,"minecraft:spawner":7,"minecraft:iron_ore":4,"minecraft:fire":9,"minecraft:dark_oak_stairs":3,"minecraft:oak_stairs":2,"minecraft:light_gray_concrete":6,"minecraft:player_head":1,"minecraft:white_banner":1,"minecraft:stripped_mangrove_wood":1,"minecraft:spruce_slab":2,"minecraft:orange_bed":3,"alexscaves:amber":2,"ecologics:pot":2,"minecraft:player_wall_head":1,"minecraft:soul_fire":14,"minecraft:soul_lantern":1,"minecraft:chiseled_quartz_block":2,"iceandfire:dragon_ice_spikes":27,"minecraft:calcite":3,"minecraft:chest":1,"minecraft:dead_bush":6,"minecraft:nether_brick_slab":2,"iceandfire:frozen_dirt":2,"minecraft:cobblestone":16,"minecraft:potted_oak_sapling":1,"minecraft:oak_planks":5,"placeablesmod:bread_full_block":6,"minecraft:stone_stairs":2,"minecraft:chain":1,"minecraft:repeater":1,"minecraft:dark_oak_slab":2,"minecraft:mud":2,"minecraft:tinted_glass":1,"minecraft:light_gray_stained_glass":5,"minecraft:wheat":16,"luminousworld:bao_bob_log":151,"minecraft:black_bed":2,"minecraft:grass":9,"minecraft:oak_log":30,"minecraft:beetroots":10,"minecraft:sandstone_wall":5,"minecraft:smooth_quartz":18,"minecraft:sand":3,"minecraft:dirt":43,"luminousworld:grassvariant_3":2,"luminousworld:palm_log":12,"minecraft:netherrack":2,"luminousworld:savannah_grass_4":2,"minecraft:cyan_candle":1,"minecraft:oak_leaves":11,"luminousworld:savannah_ground":1,"luminousworld:groundpebbles_1":1,"minecraft:red_carpet":69,"iceandfire:silver_ore":4,"minecraft:mossy_cobblestone":4,"luminousworld:grassvariant_4":1,"iceandfire:frozen_cobblestone":5,"placeablesmod:bread_slice_block":1,"minecraft:chiseled_bookshelf":1,"iceandfire:frozen_stone":11,"luminousworld:clovers_4":1,"sawmill:sawmill":1,"iceandfire:frozen_grass":1,"luminousworld:grassvariant_2":3,"minecraft:spruce_leaves":3,"minecraft:moss_block":1,"minecraft:large_fern":2,"minecraft:black_stained_glass_pane":2,"minecraft:carrots":8,"minecraft:furnace":1,"luminousworld:yellow_grassflowers":1,"minecraft:waxed_oxidized_cut_copper_slab":1,"minecraft:peony":13,"minecraft:potatoes":14,"minecraft:vine":1,"minecraft:lantern":1,"minecraft:packed_ice":2,"alexscaves:curly_fern":1,"luminousworld:groundpebbles_2":1,"luminousworld:clovers_3":1,"minecraft:stone":88,"minecraft:white_wool":19,"minecraft:acacia_leaves":4,"minecraft:scaffolding":1,"minecraft:gray_concrete":2,"luminousworld:palmplank":1,"minecraft:oak_fence":1,"minecraft:smooth_sandstone":14,"minecraft:crafting_table":5,"luminousworld:savannah_grass_1":8,"minecraft:emerald_ore":2,"minecraft:copper_ore":5,"minecraft:tall_grass":3,"minecraft:blue_bed":3,"minecraft:spruce_stairs":3,"minecraft:ice":17,"minecraft:spruce_log":11,"minecraft:birch_leaves":1,"iceandfire:ash":2,"minecraft:white_wall_banner":1,"minecraft:mangrove_slab":1,"minecraft:coal_ore":79,"iceandfire:silver_pile":1,"minecraft:dripstone_block":2,"minecraft:gray_carpet":1,"minecraft:cobweb":2,"luminousworld:elephant_grass":2,"minecraft:fern":1},"minecraft:dropped":{"minecraft:iron_sword":1,"minecraft:brown_mushroom":2,"iceandfire:armor_gray_boots":1,"minecraft:oak_log":3,"minecraft:glow_ink_sac":6,"minecraft:glass_bottle":1,"minecraft:crafting_table":1,"alexscaves:curly_fern":5,"mowziesmobs:ice_crystal":1,"iceandfire:ice_dragon_flesh":1,"minecraft:glow_berries":1,"iceandfire:frozen_dirt":1,"minecraft:lantern":4,"alexscaves:thornwood_log":2,"minecraft:leather":7,"minecraft:emerald":1,"minecraft:flint":6,"paraglider:spirit_orb":2,"minecraft:packed_mud":2,"minecraft:dirt":8,"tombstone:bag_of_seeds":1,"born_in_chaos_v1:monster_skin":20,"iceandfire:dragon_horn":1,"iceandfire:ash":1,"minecraft:gold_nugget":8,"minecraft:bone_meal":2,"minecraft:phantom_membrane":1,"minecraft:sand":2,"minecraft:iron_pickaxe":1,"undead_revamp2:blacpetalblock":2,"iceandfire:armor_silver_metal_helmet":1,"alexsmobs:raccoon_tail":1,"luminousworld:clovers_1":1,"minecraft:armor_stand":2,"minecraft:bone":18,"sawmill:sawmill":1,"undead_revamp2:arapholia":5,"minecraft:iron_nugget":12,"born_in_chaos_v1:ethereal_spirit":3,"born_in_chaos_v1:fire_dust":1,"alexscaves:cave_tablet":2,"minecraft:beetroot":10,"minecraft:rotten_flesh":94,"minecraft:oak_planks":20,"iceandfire:frozen_stone":9,"better_weaponry:iron_scythe":1,"minecraft:stone_stairs":2,"minecraft:salmon":1,"minecraft:chainmail_chestplate":1,"minecraft:leather_chestplate":1,"supplementaries:ash":6,"luminousworld:grassflowers":2,"born_in_chaos_v1:seedof_chaos":3,"minecraft:gunpowder":7,"born_in_chaos_v1:fangofthe_hound_leader":2,"minecraft:beetroot_seeds":30,"minecraft:chainmail_boots":1,"born_in_chaos_v1:corpse_maggot":7,"minecraft:leather_leggings":1,"alexscaves:dark_tatters":4,"minecraft:scaffolding":1,"undead_revamp2:rawbostrox":3,"minecraft:firework_rocket":1,"minecraft:iron_ingot":100,"minecraft:oak_slab":1,"iceandfire:armor_sapphire_helmet":1,"born_in_chaos_v1:shattered_skull":1,"minecraft:wheat_seeds":24,"minecraft:dripstone_block":1,"minecraft:feather":11,"minecraft:cobblestone":11,"minecraft:oak_fence":1,"minecraft:iron_helmet":1,"minecraft:copper_ingot":4,"minecraft:spruce_stairs":1,"minecraft:stick":2,"born_in_chaos_v1:gnawed_bones":1,"alexscaves:trilocaris_tail":1,"illagerinvasion:platinum_chunk":2,"tombstone:magic_scroll":2,"minecraft:torch":4,"minecraft:wooden_axe":1,"minecraft:brown_wool":2,"minecraft:jungle_door":5,"tombstone:grave_dust":20,"minecraft:iron_leggings":1,"minecraft:oak_stairs":2,"alexscaves:limestone":7,"better_weaponry:stone_scythe":4,"minecraft:iron_axe":3,"earthmobsmod:bone_shard":2,"minecraft:smooth_stone":9,"minecraft:string":2,"minecraft:iron_shovel":1,"minecraft:chainmail_leggings":1,"iceandfire:dragonbone":8,"iceandfire:frozen_cobblestone":5,"iceandfire:silver_nugget":83,"minecraft:moss_carpet":2,"alexsmobs:maggot":1,"minecraft:creeper_head":1,"alexsmobs:acacia_blossom":6,"minecraft:coarse_dirt":1,"minecraft:stone_shovel":1,"minecraft:white_carpet":1,"earthmobsmod:fancy_egg":6,"minecraft:iron_boots":1,"iceandfire:dragon_skull_ice":1,"luminousworld:palm_sapling":1,"tombstone:scroll_of_unstable_intangibility":2,"minecraft:flower_pot":1,"alexscaves:archaic_vine":2,"undead_revamp2:heavytooth":1,"mowziesmobs:umvuthana_mask_misery":1,"minecraft:bundle":3,"minecraft:diamond_chestplate":1,"minecraft:iron_chestplate":2,"iceandfire:silver_ingot":9,"minecraft:blue_ice":1,"minecraft:oak_sapling":21,"tombstone:essence_of_undeath":3,"minecraft:slime_ball":1,"minecraft:sandstone":2,"luminousworld:elephant_grass":2,"minecraft:bow":6,"minecraft:red_sand":1},"minecraft:killed_by":{"iceandfire:ice_dragon":1},"minecraft:killed":{"earthmobsmod:duck":5,"naturalist:rattlesnake":2,"earthmobsmod:jumbo_rabbit":1,"born_in_chaos_v1:zombie_lumberjack":2,"born_in_chaos_v1:restless_spirit":3,"born_in_chaos_v1:skeleton_demoman":3,"enemyexpansion:equestrian":5,"minecraft:spider":9,"luminousworld:frost_bitten_skeleton":12,"undead_revamp2:thesmoker":5,"mowziesmobs:frostmaw":1,"iceandfire:stymphalian_bird":1,"born_in_chaos_v1:siamese_skeletonsright":2,"alexsmobs:froststalker":3,"illagerinvasion:basher":1,"undead_revamp2:theswarmer":2,"minecraft:skeleton":44,"alexscaves:underzealot":2,"minecraft:chicken":2,"mowziesmobs:umvuthana_crane":3,"illagerinvasion:provoker":5,"earthmobsmod:zombified_rabbit":1,"undead_revamp2:therod":4,"minecraft:illusioner":1,"undead_revamp2:thepregnant":3,"born_in_chaos_v1:supreme_bonescaller_stage_2":1,"undead_revamp2:thespectre":1,"undead_revamp2:crackleball":2,"undead_revamp2:thespitter":2,"born_in_chaos_v1:firelight_not_despawn":1,"alexsmobs:kangaroo":2,"endermanoverhaul:badlands_enderman":1,"illagerinvasion:inquisitor":3,"minecraft:pig":24,"luminousworld:hollow":5,"minecraft:zombie_villager":1,"mowziesmobs:umvuthana_follower_player":4,"naturalist:snake":1,"undead_revamp2:theheavy":3,"born_in_chaos_v1:dread_hound_not_despawn":1,"undead_revamp2:thebeartamer":1,"minecraft:creeper":5,"minecraft:sheep":10,"undead_revamp2:thebidyupside":2,"undead_revamp2:slaveman":1,"minecraft:pillager":6,"born_in_chaos_v1:zombie_fisherman":2,"luminousworld:savannah_skeleton":3,"enemyexpansion:meature":3,"minecraft:zombie":33,"born_in_chaos_v1:dread_hound":7,"ecologics:penguin":1,"enemyexpansion:vampire":1,"alexsmobs:terrapin":1,"born_in_chaos_v1:corpse_fly":12,"enemyexpansion:botfly":14,"minecraft:stray":3,"minecraft:ghast":1,"mutantmonsters:mutant_creeper":1,"born_in_chaos_v1:door_knight":1,"born_in_chaos_v1:siamese_skeletonsleft":2,"minecraft:cow":6,"alexscaves:vallumraptor":6,"alexscaves:corrodent":1,"luminousworld:frostbitten_zombie":14,"undead_revamp2:thehunter":5,"undead_revamp2:theimmortal":8,"alexsmobs:tarantula_hawk":2,"creeperoverhaul:badlands_creeper":1,"undead_revamp2:thegliter":3,"alexsmobs:raccoon":2,"minecraft:vindicator":7,"luminousworld:sunken_skeleton":4,"undead_revamp2:bomber":3,"enemyexpansion:direwolf":12,"alexsmobs:rattlesnake":1,"naturalist:duck":4,"born_in_chaos_v1:zombie_bruiser":5,"creeperoverhaul:snowy_creeper":4,"born_in_chaos_v1:maggot":18,"minecraft:phantom":1,"naturalist:coral_snake":1,"born_in_chaos_v1:dire_hound_leader":1,"alexsmobs:blue_jay":1,"earthmobsmod:stray_bone_spider":1,"earthmobsmod:fancy_chicken":1,"luminousworld:monarch":1,"undead_revamp2:thebidy":2,"born_in_chaos_v1:corpse_fish":1,"alexsmobs:tusklin":1,"undead_revamp2:sucker":2,"luminousworld:savannah_zombie":2,"mowziesmobs:umvuthana":5,"friendsandfoes:iceologer":1,"born_in_chaos_v1:barrel_zombie":2,"enemyexpansion:scorpion":1,"enemyexpansion:starved":1,"minecraft:husk":24,"alexsmobs:guster":1,"born_in_chaos_v1:bone_imp_minion":17,"iceandfire:cyclops":1,"born_in_chaos_v1:baby_skeleton":6,"naturalist:butterfly":1,"undead_revamp2:the_moonflower":53,"enemyexpansion:sprinter":3,"minecraft:frog":1,"earthmobsmod:cream_cow":4,"earthmobsmod:wooly_cow":13,"earthmobsmod:umbra_cow":4,"born_in_chaos_v1:decrepit_skeleton":9,"luminousworld:mourning_cloak":1,"born_in_chaos_v1:bloody_gadfly":1,"luminousworld:swamp_zombie":1,"iceandfire:ghost":4,"ecologics:squirrel":1,"born_in_chaos_v1:dark_vortex":1,"enemyexpansion:huntsman":5,"alexsmobs:moose":1,"born_in_chaos_v1:nightmare_stalker":1,"iceandfire:ice_dragon":6,"minecraft:wither_skeleton":1,"enemyexpansion:slugger":1},"minecraft:crafted":{"minecraft:smooth_stone":3,"minecraft:oak_planks":128,"minecraft:oak_sign":3,"iceandfire:armor_sapphire_chestplate":1,"minecraft:cooked_chicken":7,"usefulbackpacks:backpack_small":2,"minecraft:stone":15,"iceandfire:armor_electric_leggings":1,"minecraft:cooked_mutton":10,"minecraft:chest":5,"minecraft:oak_fence":6,"luminousworld:palmplank":48,"iceandfire:armor_gray_boots":1,"iceandfire:armor_sapphire_helmet":1,"minecraft:cooked_porkchop":41,"better_weaponry:wooden_scythe":1,"minecraft:crafting_table":8,"minecraft:spruce_planks":44,"minecraft:wooden_pickaxe":2,"minecraft:baked_potato":78,"iceandfire:armor_gray_chestplate":1,"minecraft:shield":1,"minecraft:stick":8,"minecraft:iron_ingot":7,"better_weaponry:iron_scythe":1,"minecraft:oak_door":3,"iceandfire:dragon_stick":1,"better_weaponry:stone_scythe":11,"minecraft:furnace":5,"iceandfire:armor_sapphire_leggings":1,"minecraft:flint_and_steel":1,"usefulbackpacks:backpack_medium":1,"iceandfire:armor_red_boots":1,"iceandfire:armor_electric_helmet":1,"minecraft:cooked_beef":40,"iceandfire:silver_ingot":4,"alexsmobs:cooked_kangaroo_meat":2,"tombstone:ankh_of_pray":1,"minecraft:bread":14,"iceandfire:armor_red_helmet":1,"minecraft:white_wool":2,"minecraft:wooden_axe":1}},"DataVersion":3465}