{"stats":{"minecraft:crafted":{"minecraft:diamond_helmet":3,"minecraft:diamond_leggings":3,"minecraft:emerald":22,"iceandfire:dread_knight_sword":3,"iceandfire:dragonscale_silver":2,"minecraft:raw_gold_block":43,"minecraft:smithing_table":1,"iceandfire:armor_gray_chestplate":1,"minecraft:lectern":1,"usefulbackpacks:backpack_large":2,"minecraft:iron_pickaxe":1,"minecraft:iron_block":21,"minecraft:gold_ingot":995,"iceandfire:dragon_horn":1,"better_weaponry:iron_scythe":2,"minecraft:golden_carrot":169,"better_weaponry:diamond_scythe":2,"vanillaplustools:stone_hammer":1,"minecraft:white_carpet":3,"minecraft:diamond":18,"better_weaponry:iron_sickle":7,"iceandfire:armor_silver_chestplate":1,"minecraft:spruce_slab":6,"minecraft:stone_pickaxe":9,"minecraft:diamond_boots":9,"minecraft:dark_oak_planks":24,"minecraft:chainmail_leggings":3,"better_weaponry:netherite_scythe":1,"minecraft:enchanted_book":1,"minecraft:golden_apple":98,"minecraft:chainmail_boots":37,"minecraft:iron_leggings":55,"minecraft:white_bed":1,"minecraft:oak_planks":32,"iceandfire:armor_silver_boots":1,"usefulbackpacks:backpack_small":2,"minecraft:suspicious_stew":12,"minecraft:cake":9,"minecraft:bow":1,"minecraft:iron_boots":1,"iceandfire:armor_green_helmet":1,"minecraft:chest":1,"minecraft:raw_iron_block":16,"minecraft:crafting_table":7,"minecraft:spruce_planks":60,"minecraft:wooden_pickaxe":2,"minecraft:iron_helmet":13,"minecraft:chainmail_chestplate":24,"minecraft:gold_block":43,"minecraft:apple":64,"better_weaponry:stone_sickle":2,"minecraft:iron_chestplate":13,"minecraft:diamond_pickaxe":1,"minecraft:shield":36,"minecraft:stick":52,"minecraft:iron_ingot":51,"minecraft:shears":1,"minecraft:cookie":216,"minecraft:coal":90,"iceandfire:armor_gray_leggings":1,"iceandfire:dragon_stick":2,"minecraft:diamond_block":7,"usefulbackpacks:backpack_medium":2,"minecraft:glistering_melon_slice":36,"paraglider:paraglider":1,"minecraft:bell":12,"iceandfire:dragonforge_ice_core_disabled":1,"minecraft:bread":297,"minecraft:air":0,"better_weaponry:wooden_sickle":1,"minecraft:oak_boat":1,"minecraft:gold_nugget":522,"minecraft:raw_gold":261,"minecraft:anvil":1,"minecraft:pumpkin_pie":48,"minecraft:acacia_planks":20,"luminousworld:baobab_plank":404,"iceandfire:armor_silver_helmet":1,"minecraft:diamond_chestplate":5},"minecraft:used":{"minecraft:ladder":2,"minecraft:chest":1,"minecraft:red_nether_brick_stairs":1,"minecraft:snowball":7,"cataclysm:infernal_forge":26,"minecraft:mangrove_stairs":2,"friendsandfoes:totem_of_freezing":1,"mowziesmobs:umvuthana_mask_rage":2,"minecraft:bow":282,"supplementaries:ash":4,"minecraft:oak_sapling":2,"minecraft:potato":24,"minecraft:damaged_anvil":8,"better_weaponry:iron_sickle":912,"cataclysm:mech_eye":8,"minecraft:blackstone":6,"minecraft:wooden_pickaxe":106,"minecraft:composter":3,"iceandfire:dread_stone_bricks":1,"minecraft:cookie":13,"luminousworld:baobab_plank":114,"minecraft:golden_apple":107,"minecraft:sand":14,"stalwart_dungeons:soul_bricks":1,"iceandfire:dragonforge_ice_input":1,"minecraft:blast_furnace":14,"minecraft:blue_ice":1,"iceandfire:frozen_splinters":3,"minecraft:gray_concrete":1,"better_weaponry:netherite_scythe":762,"born_in_chaos_v1:monster_flesh":2,"iceandfire:dread_sword":5,"minecraft:lectern":17,"minecraft:red_terracotta":8,"iceandfire:chared_cobblestone":1,"minecraft:diamond_sword":8,"minecraft:coal_block":4,"minecraft:smithing_table":1,"minecraft:oak_boat":4,"minecraft:waxed_cut_copper_stairs":1,"iceandfire:dragonforge_ice_core_disabled":1,"minecraft:polished_blackstone_brick_slab":2,"minecraft:iron_bars":5,"minecraft:armor_stand":1,"vanillaplustools:stone_hammer":111,"minecraft:netherrack":58,"minecraft:torch":20,"minecraft:brewing_stand":2,"minecraft:anvil":13,"minecraft:nether_brick_slab":2,"minecraft:nether_brick_stairs":2,"minecraft:chipped_anvil":15,"minecraft:iron_axe":16,"minecraft:light_weighted_pressure_plate":1,"minecraft:slime_block":8,"minecraft:smooth_quartz":4,"minecraft:totem_of_undying":1,"minecraft:smooth_basalt":5,"minecraft:diamond_chestplate":7,"minecraft:basalt":24,"minecraft:warped_stairs":2,"luminousworld:savannah_soil":3,"tombstone:gift":6,"minecraft:acacia_planks":20,"minecraft:orange_terracotta":27,"minecraft:cobbled_deepslate":72,"minecraft:water_bucket":134,"tombstone:scroll_of_reach":2,"minecraft:birch_planks":4,"enemyexpansion:scorpion_tail":1,"iceandfire:crackled_stone":1,"wildwestguns2_3d:silver_ore":4,"better_weaponry:iron_scythe":120,"minecraft:polished_blackstone_bricks":39,"better_weaponry:stone_sickle":65,"minecraft:lime_terracotta":7,"minecraft:crafting_table":47,"minecraft:tnt":12,"minecraft:red_bed":1,"minecraft:white_bed":1,"minecraft:cake":10,"mowziesmobs:wrought_axe":1,"minecraft:diamond_pickaxe":254,"minecraft:diamond_shovel":23,"minecraft:iron_pickaxe":856,"minecraft:tnt_minecart":3,"tombstone:magic_scroll":3,"minecraft:spruce_sapling":4,"minecraft:cobblestone":68,"minecraft:potion":4,"minecraft:cooked_porkchop":18,"mowziesmobs:umvuthana_mask_fury":2,"minecraft:diamond_leggings":3,"minecraft:red_sand":6,"born_in_chaos_v1:intoxicating_decoction":1,"minecraft:iron_sword":63,"minecraft:green_terracotta":20,"minecraft:iron_chestplate":2,"cataclysm:monstrous_eye":6,"minecraft:nether_bricks":16,"minecraft:carrot":26,"minecraft:milk_bucket":4,"minecraft:obsidian":42,"minecraft:big_dripleaf":1,"minecraft:cyan_terracotta":94,"minecraft:lantern":2,"mowziesmobs:umvuthana_mask_faith":3,"minecraft:polished_blackstone_brick_wall":1,"minecraft:iron_helmet":3,"minecraft:stone_bricks":6,"minecraft:item_frame":1,"minecraft:hay_block":1,"minecraft:jungle_button":3,"minecraft:gray_bed":5,"minecraft:dark_oak_stairs":3,"minecraft:diamond_boots":9,"minecraft:stone_pickaxe":1,"minecraft:oak_planks":10,"iceandfire:armor_green_helmet":2,"minecraft:ender_pearl":1,"luminousworld:groundpebbles_1":2,"minecraft:blue_bed":1,"better_weaponry:wooden_sickle":12,"minecraft:yellow_terracotta":3,"minecraft:crossbow":25,"minecraft:black_bed":1,"minecraft:shears":8,"minecraft:dark_oak_log":1,"minecraft:cyan_bed":3,"minecraft:brown_wool":1,"minecraft:bread":110,"minecraft:string":11,"better_weaponry:diamond_scythe":752,"iceandfire:ice_dragon_flesh":1,"minecraft:iron_door":1,"minecraft:gravel":2,"iceandfire:dragon_skull_fire":1,"minecraft:cooked_rabbit":16,"minecraft:andesite":2,"minecraft:coarse_dirt":1,"minecraft:experience_bottle":5,"minecraft:oak_fence":1,"minecraft:flint_and_steel":5,"mowziesmobs:umvuthana_mask_misery":1,"minecraft:redstone":1,"undead_revamp2:blacpetalblock":2,"iceandfire:armor_silver_helmet":1,"minecraft:spruce_planks":26,"born_in_chaos_v1:black_argillite":2,"minecraft:cooked_chicken":13,"minecraft:dirt":3,"minecraft:white_carpet":9,"minecraft:spruce_stairs":2,"minecraft:diamond_helmet":2,"minecraft:golden_chestplate":1,"minecraft:spruce_fence":6,"minecraft:dark_oak_planks":2,"minecraft:stone_brick_slab":2,"minecraft:brown_terracotta":17,"minecraft:oak_stairs":1,"minecraft:iron_boots":1,"alexscaves:spelunkery_table":1,"minecraft:golden_carrot":187,"minecraft:iron_leggings":2,"iceandfire:fire_dragon_flesh":1,"iceandfire:armor_silver_chestplate":2,"minecraft:glass_bottle":38,"minecraft:red_nether_bricks":21,"iceandfire:dread_knight_sword":676,"luminousworld:ishstone":4,"endermanoverhaul:crimson_pearl":2,"minecraft:polished_blackstone_pressure_plate":1,"minecraft:terracotta":1,"tombstone:bag_of_seeds":2,"minecraft:apple":3,"minecraft:cracked_polished_blackstone_bricks":21,"iceandfire:ash":1,"minecraft:crimson_fungus":2,"minecraft:white_banner":2,"minecraft:bucket":134,"born_in_chaos_v1:wood_splitter_axe":122,"minecraft:pumpkin_pie":4,"alexsmobs:animal_dictionary":1,"minecraft:splash_potion":15,"minecraft:chainmail_leggings":1},"minecraft:picked_up":{"iceandfire:dread_stone_bricks":1,"minecraft:seagrass":3,"minecraft:iron_chestplate":2,"minecraft:chainmail_boots":21,"minecraft:prismarine_shard":9,"minecraft:anvil":12,"minecraft:suspicious_stew":9,"minecraft:smithing_table":1,"minecraft:diamond_sword":8,"minecraft:oak_stairs":1,"minecraft:enchanted_book":15,"alexsmobs:bone_serpent_tooth":1,"minecraft:brewing_stand":3,"minecraft:golden_sword":2,"minecraft:music_disc_cat":1,"minecraft:string":115,"minecraft:red_nether_bricks":21,"minecraft:beetroot":7,"minecraft:diamond_leggings":1,"minecraft:gold_nugget":2071,"minecraft:cobbled_deepslate":415,"minecraft:spruce_planks":4,"iceandfire:dragonforge_ice_brick":8,"minecraft:coal_block":57,"luminousworld:bao_bab_sapling":4,"minecraft:polished_blackstone_brick_slab":4,"born_in_chaos_v1:shattered_skull":5,"minecraft:composter":3,"minecraft:big_dripleaf":1,"minecraft:acacia_log":5,"iceandfire:lightning_dragon_flesh":6,"minecraft:golden_axe":1,"minecraft:golden_chestplate":2,"minecraft:green_terracotta":13,"minecraft:cauldron":1,"minecraft:chiseled_nether_bricks":1,"stalwart_dungeons:soul_magma_bricks":1,"minecraft:waxed_cut_copper_stairs":1,"luminousworld:grassflowers":17,"better_weaponry:iron_sickle":2,"minecraft:stone_sword":1,"luminousworld:yellow_grassflowers":1,"artifacts:villager_hat":1,"iceandfire:fire_dragon_heart":7,"minecraft:iron_block":3,"minecraft:cyan_terracotta":6,"minecraft:bookshelf":1,"supplementaries:ash":66,"minecraft:blaze_rod":53,"minecraft:iron_bars":6,"minecraft:snowball":11,"iceandfire:dragonscales_black":121,"minecraft:feather":4,"minecraft:iron_door":1,"minecraft:water_bucket":3,"minecraft:brown_wool":2,"minecraft:smoker":2,"minecraft:flint":1,"luminousworld:purple_petunias":1,"minecraft:gray_concrete":1,"minecraft:map":1,"minecraft:lantern":2,"born_in_chaos_v1:marigolds":6,"iceandfire:ice_dragon_blood":3,"stalwart_dungeons:blaze_armor_scrap":7,"minecraft:chipped_anvil":15,"undead_revamp2:blacpetalblock":3,"luminousworld:elephant_grass":1,"better_weaponry:stone_scythe":1,"minecraft:glowstone_dust":3,"minecraft:moss_block":2,"minecraft:lime_terracotta":8,"iceandfire:dragon_skull_fire":7,"iceandfire:lightning_dragon_heart":2,"minecraft:dark_oak_log":6,"minecraft:red_terracotta":8,"minecraft:barrel":1,"alexsmobs:animal_dictionary":1,"undead_revamp2:heavytooth":1,"iceandfire:chared_cobblestone":1,"minecraft:bundle":10,"minecraft:iron_hoe":4,"cataclysm:mech_eye":6,"iceandfire:crackled_stone":2,"endermanoverhaul:crimson_pearl":2,"minecraft:writable_book":2,"minecraft:blue_ice":1,"minecraft:granite":37,"minecraft:spruce_button":1,"minecraft:chainmail_helmet":8,"minecraft:bread":1,"iceandfire:armor_silver_helmet":1,"minecraft:crimson_roots":2,"iceandfire:raw_silver":3,"iceandfire:dragon_skull_lightning":1,"luminousworld:groundpebbles_1":11,"minecraft:coarse_dirt":1,"minecraft:crafting_table":41,"iceandfire:witherbone":48,"minecraft:nether_wart":28,"minecraft:clay_ball":116,"born_in_chaos_v1:seedof_chaos":2,"minecraft:red_bed":1,"iceandfire:frozen_splinters":3,"born_in_chaos_v1:intoxicating_decoction":4,"minecraft:white_carpet":8,"minecraft:iron_shovel":2,"minecraft:polished_blackstone_wall":1,"minecraft:beef":14,"iceandfire:dread_knight_sword":9,"iceandfire:dread_shard":141,"born_in_chaos_v1:gnawed_bones":1,"minecraft:iron_nugget":42,"minecraft:chest":1,"iceandfire:dragonscales_electric":17,"minecraft:raw_gold_block":8,"minecraft:spruce_fence":9,"minecraft:cake":11,"born_in_chaos_v1:pieceofdarkmetal":8,"minecraft:carrot":40,"minecraft:redstone":10,"minecraft:prismarine_crystals":8,"iceandfire:dragon_skull_ice":5,"mowziesmobs:umvuthana_mask_faith":1,"minecraft:tnt":13,"minecraft:beetroot_seeds":21,"born_in_chaos_v1:wood_splitter_axe":2,"iceandfire:dragonscales_silver":35,"minecraft:hay_block":1,"minecraft:yellow_terracotta":3,"minecraft:gold_ingot":5,"tombstone:essence_of_undeath":2,"minecraft:totem_of_undying":4,"minecraft:polished_blackstone":1,"minecraft:glow_berries":2,"minecraft:mutton":12,"minecraft:rail":23,"minecraft:white_wool":45,"iceandfire:sea_serpent_fang":12,"born_in_chaos_v1:monster_flesh":4,"luminousworld:ishstone":6,"minecraft:blackstone_slab":4,"alexsmobs:acacia_blossom":1,"minecraft:oak_log":8,"minecraft:ancient_debris":7,"minecraft:jungle_button":3,"minecraft:golden_boots":1,"enemyexpansion:scorpion_tail":1,"mowziesmobs:wrought_axe":1,"alexsmobs:mosquito_proboscis":3,"minecraft:blue_bed":3,"minecraft:paper":7,"minecraft:white_banner":2,"minecraft:apple":1,"minecraft:stone_bricks":21,"mowziesmobs:umvuthana_mask_rage":3,"better_weaponry:stone_sickle":1,"iceandfire:troll_leather_frost":1,"minecraft:stone_pickaxe":3,"minecraft:cobweb":2,"tombstone:bag_of_seeds":2,"minecraft:glass_bottle":2,"minecraft:gray_bed":5,"tombstone:scroll_of_frost_resistance":1,"minecraft:iron_sword":9,"minecraft:flowering_azalea":3,"minecraft:dark_oak_stairs":3,"iceandfire:copper_nugget":34,"minecraft:smooth_basalt":5,"enemyexpansion:phantom_eye":3,"minecraft:dark_oak_slab":2,"born_in_chaos_v1:ethereal_spirit":5,"minecraft:gravel":6,"minecraft:spruce_sapling":10,"minecraft:spruce_log":27,"minecraft:slime_ball":13,"iceandfire:dragonforge_ice_input":2,"minecraft:polished_blackstone_brick_wall":5,"iceandfire:ice_dragon_flesh":8,"minecraft:melon_seeds":2,"minecraft:ender_pearl":1,"minecraft:wheat":13,"cataclysm:monstrous_horn":1,"illagerinvasion:platinum_chunk":52,"alexscaves:cave_tablet":1,"minecraft:potion":6,"minecraft:nether_brick":36,"minecraft:warped_stairs":4,"better_weaponry:netherite_scythe":7,"born_in_chaos_v1:black_argillite":32,"minecraft:raw_copper":21,"minecraft:iron_leggings":14,"minecraft:armor_stand":1,"minecraft:experience_bottle":4,"iceandfire:sea_serpent_scales_bronze":8,"minecraft:tnt_minecart":3,"alexsmobs:blood_sac":11,"minecraft:red_sand":14,"artifacts:aqua_dashers":1,"minecraft:light_weighted_pressure_plate":1,"minecraft:calcite":2,"minecraft:smooth_quartz":6,"minecraft:iron_pickaxe":7,"minecraft:iron_boots":7,"minecraft:tipped_arrow":18,"minecraft:stick":28,"minecraft:brown_terracotta":24,"minecraft:oak_fence":1,"minecraft:torch":74,"iceandfire:dragonscales_white":8,"iceandfire:dread_sword":5,"minecraft:spruce_stairs":3,"luminousworld:savannah_soil":3,"minecraft:porkchop":21,"born_in_chaos_v1:nightmare_claw":1,"tombstone:grave_dust":82,"minecraft:diorite":4,"aether:golden_gloves":1,"minecraft:mangrove_stairs":2,"minecraft:rotten_flesh":161,"supplementaries:antique_ink":5,"luminousworld:tall_deadbush":2,"minecraft:obsidian":16,"undead_revamp2:arapholia":2,"minecraft:blaze_powder":10,"minecraft:cobblestone":386,"paraglider:paraglider":1,"minecraft:enchanting_table":3,"minecraft:magma_cream":3,"minecraft:andesite":49,"minecraft:black_bed":1,"minecraft:golden_leggings":3,"minecraft:potato":20,"paraglider:spirit_orb":102,"minecraft:tuff":13,"minecraft:horn_coral":2,"minecraft:wither_skeleton_skull":3,"minecraft:dirt":19,"born_in_chaos_v1:monster_skin":8,"minecraft:bone":436,"minecraft:bow":7,"minecraft:wheat_seeds":39,"minecraft:raw_gold":10,"minecraft:oak_planks":5,"friendsandfoes:totem_of_freezing":1,"earthmobsmod:harder_flesh":1,"minecraft:sand":41,"minecraft:melon":11,"minecraft:nether_brick_stairs":2,"minecraft:cyan_bed":4,"iceandfire:dragon_bone_block":3,"minecraft:sugar":1,"born_in_chaos_v1:fire_dust":5,"minecraft:diamond":115,"minecraft:slime_block":40,"minecraft:polished_blackstone_pressure_plate":1,"minecraft:cracked_polished_blackstone_bricks":33,"minecraft:crossbow":8,"minecraft:golden_apple":3,"minecraft:emerald":235,"minecraft:oak_sapling":8,"luminousworld:bao_bob_log":152,"minecraft:netherrack":62,"endrem:magical_eye":1,"born_in_chaos_v1:diamond_termite_shard":13,"minecraft:chicken":2,"minecraft:azure_bluet":1,"born_in_chaos_v1:river_mint":2,"minecraft:ladder":2,"cataclysm:monstrous_eye":4,"minecraft:brown_mushroom":1,"luminousworld:bao_bob_wood":37,"minecraft:gold_block":56,"stalwart_dungeons:soul_bricks":7,"minecraft:chain":4,"minecraft:shield":11,"minecraft:iron_axe":12,"wildwestguns2_3d:silver_ore":7,"minecraft:item_frame":1,"takesapillage:ravager_horn":1,"minecraft:cyan_carpet":7,"minecraft:blackstone":12,"ecologics:walnut_sapling":1,"minecraft:oak_boat":3,"minecraft:lectern":18,"minecraft:sugar_cane":3,"minecraft:phantom_membrane":4,"iceandfire:ice_dragon_heart":5,"minecraft:raw_iron":46,"iceandfire:dragonscales_gray":15,"iceandfire:dragonbone":136,"iceandfire:dragonscales_green":12,"minecraft:copper_ingot":2,"minecraft:polished_blackstone_bricks":49,"minecraft:cookie":45,"iceandfire:dragonegg_amythest":1,"minecraft:dark_oak_planks":9,"iceandfire:sea_serpent_scales_purple":12,"minecraft:arrow":278,"minecraft:weeping_vines":1,"stalwart_dungeons:raw_tungsten":10,"minecraft:nether_bricks":16,"mowziesmobs:ice_crystal":3,"alexscaves:spelunkery_table":2,"artifacts:running_shoes":1,"paraglider:horned_statue":1,"mowziesmobs:umvuthana_mask_fury":2,"born_in_chaos_v1:corpse_maggot":10,"minecraft:basalt":26,"minecraft:leather":23,"minecraft:birch_planks":4,"minecraft:crimson_fungus":4,"minecraft:chainmail_chestplate":7,"iceandfire:dread_stone_bricks_cracked":1,"minecraft:gunpowder":29,"minecraft:orange_terracotta":58,"cataclysm:infernal_forge":1,"minecraft:red_nether_brick_stairs":1,"minecraft:iron_ingot":34,"minecraft:cooked_chicken":1,"iceandfire:fire_dragon_flesh":16,"minecraft:acacia_sapling":2,"iceandfire:crackled_cobblestone":1,"stalwart_dungeons:transient_block_close":2,"minecraft:book":55,"luminousworld:clovers_1":1,"minecraft:chiseled_stone_bricks":6,"minecraft:stone_brick_slab":2,"iceandfire:ash":2,"minecraft:dandelion":4,"born_in_chaos_v1:dark_rod":1,"minecraft:amethyst_shard":2,"mowziesmobs:wrought_helmet":1,"minecraft:soul_torch":2,"minecraft:blast_furnace":19,"minecraft:nether_brick_slab":2,"minecraft:spider_eye":30,"undead_revamp2:rawbostrox":26,"minecraft:chainmail_leggings":15,"minecraft:iron_helmet":15,"minecraft:terracotta":69,"tombstone:magic_scroll":11,"minecraft:damaged_anvil":12,"minecraft:black_wool":1,"better_weaponry:diamond_scythe":2,"minecraft:coal":47},"minecraft:killed_by":{"minecraft:pillager":4,"minecraft:vindicator":1,"iceandfire:ice_dragon":1,"iceandfire:fire_dragon":1},"minecraft:broken":{"mowziesmobs:umvuthana_mask_faith":1,"minecraft:iron_leggings":1,"minecraft:chainmail_boots":1,"mowziesmobs:umvuthana_mask_fury":1,"iceandfire:armor_green_helmet":1,"minecraft:chainmail_leggings":2,"aether:iron_gloves":1,"minecraft:chainmail_helmet":2,"minecraft:wooden_pickaxe":1,"minecraft:golden_chestplate":1,"iceandfire:dread_knight_sword":1,"iceandfire:armor_silver_boots":1},"minecraft:dropped":{"minecraft:iron_sword":8,"iceandfire:raw_silver":2,"minecraft:porkchop":21,"minecraft:glass_bottle":4,"iceandfire:dragonforge_ice_core_disabled":1,"minecraft:cooked_porkchop":26,"minecraft:pitcher_pod":4,"mowziesmobs:ice_crystal":2,"minecraft:crossbow":7,"iceandfire:dragonforge_ice_input":1,"minecraft:glow_berries":2,"minecraft:weeping_vines":1,"minecraft:cookie":250,"better_weaponry:iron_sickle":5,"minecraft:saddle":1,"born_in_chaos_v1:pieceofdarkmetal":8,"minecraft:emerald":199,"born_in_chaos_v1:monster_flesh":2,"minecraft:dirt":16,"iceandfire:dread_sword":5,"iceandfire:dragon_horn":1,"minecraft:horn_coral":2,"minecraft:sand":27,"minecraft:writable_book":1,"minecraft:chain":5,"minecraft:gold_nugget":105,"minecraft:phantom_membrane":4,"minecraft:sugar":1,"minecraft:iron_pickaxe":6,"undead_revamp2:blacpetalblock":1,"minecraft:dark_oak_planks":3,"minecraft:white_wool":16,"tombstone:familiar_receptacle":1,"minecraft:cyan_carpet":6,"minecraft:blue_bed":2,"luminousworld:clovers_1":1,"minecraft:bone":376,"minecraft:polished_blackstone_wall":1,"mowziesmobs:umvuthana_mask_rage":3,"minecraft:iron_nugget":24,"minecraft:golden_chestplate":2,"alexsmobs:animal_dictionary":2,"minecraft:cobbled_deepslate":343,"minecraft:nether_brick":3,"alexscaves:cave_tablet":1,"aether:golden_gloves":1,"minecraft:wheat":14,"undead_revamp2:arapholia":2,"tombstone:gift":1,"minecraft:rotten_flesh":164,"minecraft:azure_bluet":1,"iceandfire:armor_gray_leggings":1,"iceandfire:dread_stone_bricks_mossy":1,"iceandfire:sapphire_gem":11,"supplementaries:flax_seeds":3,"luminousworld:grassflowers":17,"alexsmobs:blood_sac":10,"minecraft:tipped_arrow":4,"luminousworld:baobab_plank":290,"iceandfire:crackled_cobblestone":1,"minecraft:acacia_sapling":2,"iceandfire:troll_leather_frost":2,"minecraft:spruce_slab":2,"endrem:nether_eye":1,"minecraft:beef":14,"iceandfire:ice_dragon_blood":3,"born_in_chaos_v1:marigolds":6,"minecraft:enchanted_book":11,"alexsmobs:mosquito_proboscis":3,"born_in_chaos_v1:intoxicating_decoction":3,"born_in_chaos_v1:shattered_skull":5,"minecraft:wheat_seeds":40,"luminousworld:ishstone":2,"minecraft:polished_blackstone":1,"iceandfire:sea_serpent_scales_bronze":8,"minecraft:prismarine_crystals":8,"minecraft:feather":6,"minecraft:iron_helmet":28,"minecraft:cobblestone":60,"iceandfire:dragon_stick":2,"minecraft:granite":37,"minecraft:spruce_button":1,"minecraft:chainmail_helmet":8,"minecraft:coal":15,"minecraft:golden_apple":9,"minecraft:cobweb":4,"minecraft:diamond_horse_armor":1,"stalwart_dungeons:soul_bricks":6,"stalwart_dungeons:blaze_armor_scrap":7,"born_in_chaos_v1:gnawed_bones":1,"born_in_chaos_v1:black_argillite":30,"iceandfire:copper_nugget":34,"minecraft:rabbit":4,"better_weaponry:diamond_scythe":1,"minecraft:diamond_helmet":1,"better_weaponry:stone_scythe":1,"iceandfire:dragonscales_white":8,"minecraft:iron_shovel":1,"minecraft:spruce_sapling":6,"minecraft:paper":7,"minecraft:chainmail_leggings":14,"iceandfire:dragon_skull_fire":5,"minecraft:string":40,"tombstone:voodoo_poppet":1,"better_weaponry:wooden_sickle":1,"luminousworld:bao_bob_log":88,"luminousworld:bao_bab_sapling":4,"minecraft:green_terracotta":8,"minecraft:soul_torch":2,"alexsmobs:acacia_blossom":1,"minecraft:stone_sword":1,"minecraft:cocoa_beans":2,"iceandfire:armor_silver_helmet":2,"minecraft:chicken":9,"minecraft:white_carpet":2,"minecraft:clay_ball":116,"minecraft:iron_boots":9,"iceandfire:dragonscales_electric":17,"minecraft:name_tag":1,"minecraft:damaged_anvil":1,"minecraft:slime_block":32,"iceandfire:dragon_skull_ice":4,"minecraft:torchflower_seeds":5,"earthmobsmod:harder_flesh":1,"minecraft:spruce_fence":1,"minecraft:suspicious_stew":21,"minecraft:diamond_sword":3,"minecraft:potato":30,"supplementaries:quiver":2,"takesapillage:ravager_horn":1,"undead_revamp2:heavytooth":1,"minecraft:diamond_pickaxe":1,"minecraft:bundle":9,"minecraft:spruce_planks":4,"iceandfire:silver_ingot":9,"minecraft:stone_bricks":15,"minecraft:spider_eye":24,"luminousworld:elephant_grass":1,"minecraft:bow":6,"iceandfire:crackled_stone":1,"iceandfire:sea_serpent_fang":12,"stalwart_dungeons:raw_tungsten":10,"minecraft:cooked_rabbit":8,"artifacts:snowshoes":1,"minecraft:black_wool":1,"minecraft:moss_block":2,"minecraft:brown_mushroom":1,"stalwart_dungeons:soul_magma_bricks":1,"minecraft:lime_terracotta":18,"iceandfire:ice_dragon_flesh":9,"iceandfire:fire_dragon_flesh":15,"ecologics:walnut_sapling":1,"minecraft:leather":15,"iceandfire:dread_stone_bricks_cracked":1,"minecraft:polished_blackstone_brick_wall":4,"paraglider:spirit_orb":24,"minecraft:flint":1,"minecraft:cracked_polished_blackstone_bricks":11,"tombstone:bag_of_seeds":1,"iceandfire:sea_serpent_scales_purple":12,"born_in_chaos_v1:monster_skin":8,"minecraft:cornflower":1,"minecraft:mutton":12,"minecraft:crimson_roots":2,"minecraft:seagrass":3,"minecraft:snowball":4,"minecraft:pumpkin_pie":50,"minecraft:amethyst_shard":2,"tombstone:scroll_of_frost_resistance":1,"iceandfire:ash":1,"minecraft:polished_blackstone_bricks":10,"paraglider:paraglider":2,"iceandfire:dread_shard":139,"minecraft:cauldron":1,"minecraft:gravel":4,"minecraft:crimson_fungus":2,"minecraft:blackstone":6,"born_in_chaos_v1:fire_dust":3,"born_in_chaos_v1:ethereal_spirit":5,"paraglider:horned_statue":1,"minecraft:beetroot":7,"luminousworld:tall_deadbush":2,"minecraft:diamond_shovel":1,"alexsmobs:bone_serpent_tooth":1,"supplementaries:antique_ink":5,"minecraft:chainmail_chestplate":28,"minecraft:chiseled_stone_bricks":6,"supplementaries:ash":62,"born_in_chaos_v1:seedof_chaos":2,"minecraft:gunpowder":6,"minecraft:melon_seeds":4,"iceandfire:dragonscale_silver":14,"better_weaponry:stone_sickle":2,"born_in_chaos_v1:corpse_maggot":10,"minecraft:beetroot_seeds":21,"minecraft:chainmail_boots":42,"born_in_chaos_v1:diamond_termite_shard":13,"vanillaplustools:stone_hammer":1,"minecraft:spruce_wood":1,"iceandfire:dread_knight_sword":2,"minecraft:blackstone_slab":4,"minecraft:arrow":174,"minecraft:basalt":2,"minecraft:iron_bars":1,"undead_revamp2:rawbostrox":25,"minecraft:netherrack":3,"minecraft:enchanting_table":1,"mowziesmobs:umvuthana_mask_fury":1,"born_in_chaos_v1:dark_rod":1,"minecraft:bread":341,"born_in_chaos_v1:wood_splitter_axe":2,"minecraft:water_bucket":1,"iceandfire:dragonscales_green":7,"mowziesmobs:foliaath_seed":1,"minecraft:diamond_leggings":2,"minecraft:prismarine_shard":9,"minecraft:golden_axe":1,"alexscaves:spelunkery_table":1,"minecraft:copper_ingot":2,"minecraft:spruce_stairs":1,"minecraft:stick":27,"illagerinvasion:platinum_chunk":46,"minecraft:milk_bucket":1,"minecraft:diorite":4,"born_in_chaos_v1:river_mint":2,"minecraft:warped_stairs":2,"minecraft:torch":65,"minecraft:smooth_quartz":2,"minecraft:brown_wool":1,"tombstone:grave_dust":81,"minecraft:fire_charge":3,"iceandfire:armor_silver_chestplate":1,"minecraft:iron_leggings":45,"minecraft:iron_axe":9,"iceandfire:ice_dragon_heart":4,"minecraft:polished_blackstone_brick_slab":2,"minecraft:flowering_azalea":3,"wildwestguns2_3d:silver_ore":3,"minecraft:bucket":2,"minecraft:music_disc_cat":2,"minecraft:redstone":9,"iceandfire:dragonbone":103,"minecraft:dandelion":4,"iceandfire:dragon_bone_block":3,"iceandfire:lightning_dragon_heart":1,"minecraft:raw_copper":14,"artifacts:aqua_dashers":1,"minecraft:tuff":13,"minecraft:raw_iron":6,"iceandfire:witherbone":19,"minecraft:iron_hoe":5,"enemyexpansion:phantom_eye":3,"luminousworld:yellow_grassflowers":1,"minecraft:filled_map":1,"minecraft:shield":41,"iceandfire:armor_gray_chestplate":1,"minecraft:diamond_chestplate":2,"mowziesmobs:umvuthana_mask_misery":1,"luminousworld:groundpebbles_1":9,"minecraft:orange_terracotta":1,"minecraft:iron_chestplate":13,"minecraft:andesite":47,"minecraft:cake":11,"minecraft:golden_leggings":2,"minecraft:oak_sapling":6,"minecraft:golden_sword":2,"tombstone:essence_of_undeath":2,"minecraft:diamond_boots":1,"minecraft:slime_ball":9,"minecraft:spruce_log":4,"iceandfire:fire_dragon_heart":7,"minecraft:wooden_pickaxe":1,"minecraft:raw_gold":13,"minecraft:magma_cream":3,"minecraft:calcite":2,"luminousworld:purple_petunias":1},"minecraft:custom":{"minecraft:interact_with_crafting_table":127,"minecraft:open_barrel":207,"goblintraders:trade_with_goblin":32,"minecraft:eat_cake_slice":12,"minecraft:leave_game":45,"minecraft:time_since_death":621381,"minecraft:play_time":1078063,"minecraft:deaths":34,"minecraft:jump":14231,"minecraft:traded_with_villager":394,"minecraft:sleep_in_bed":10,"minecraft:damage_dealt":348519,"tombstone:undead_killed":578,"minecraft:interact_with_smoker":4,"minecraft:interact_with_smithing_table":2,"minecraft:horse_one_cm":166,"minecraft:interact_with_anvil":67,"minecraft:damage_dealt_absorbed":5980,"minecraft:sneak_time":18113,"minecraft:interact_with_lectern":1,"minecraft:interact_with_blast_furnace":23,"minecraft:total_world_time":1078063,"tombstone:raider_killed":170,"minecraft:tune_noteblock":4,"minecraft:interact_with_stonecutter":1,"minecraft:time_since_rest":20403,"tombstone:cast_on_ally":0,"minecraft:swim_one_cm":256175,"minecraft:fly_one_cm":3202528,"minecraft:open_chest":494,"minecraft:fall_one_cm":374288,"minecraft:damage_resisted":1048,"minecraft:sprint_one_cm":3158083,"minecraft:drop":1095,"minecraft:talked_to_villager":103,"minecraft:interact_with_brewingstand":31,"minecraft:walk_on_water_one_cm":167335,"minecraft:interact_with_loom":2,"minecraft:crouch_one_cm":48604,"minecraft:mob_kills":1320,"minecraft:damage_dealt_resisted":25604,"minecraft:climb_one_cm":29520,"minecraft:walk_one_cm":2416890,"minecraft:walk_under_water_one_cm":123038,"minecraft:pot_flower":1,"minecraft:damage_taken":48979,"minecraft:damage_absorbed":3698},"minecraft:mined":{"minecraft:dark_oak_planks":6,"iceandfire:copper_pile":1,"minecraft:red_nether_bricks":22,"minecraft:obsidian":16,"ecologics:surface_moss":2,"minecraft:granite":37,"minecraft:acacia_log":5,"minecraft:red_sand":6,"minecraft:coal_block":41,"minecraft:nether_wart":11,"luminousworld:savanna_grass_2":5,"minecraft:chiseled_stone_bricks":6,"ecologics:prickly_pear":1,"minecraft:spawner":56,"minecraft:polished_blackstone_bricks":55,"minecraft:tall_seagrass":2,"minecraft:fire":71,"minecraft:nether_brick_stairs":2,"minecraft:enchanting_table":3,"minecraft:cave_vines":2,"iceandfire:gold_pile":193,"minecraft:water_cauldron":1,"minecraft:dirt_path":5,"stalwart_dungeons:soul_magma_bricks":1,"iceandfire:dread_stone_bricks_cracked":2,"minecraft:iron_block":3,"minecraft:jungle_button":1,"minecraft:red_bed":1,"minecraft:smoker":2,"minecraft:crimson_nylium":16,"minecraft:soul_fire":19,"born_in_chaos_v1:infected_deepslate_diamond_ore":2,"minecraft:torch":6,"minecraft:blast_furnace":19,"minecraft:melon":13,"minecraft:dead_bush":2,"minecraft:nether_brick_slab":2,"minecraft:cyan_bed":4,"minecraft:sugar_cane":1,"minecraft:damaged_anvil":12,"iceandfire:crackled_stone":1,"minecraft:mud":1,"paraglider:horned_statue":1,"minecraft:wheat":16,"minecraft:black_bed":1,"iceandfire:dragonforge_ice_input":2,"minecraft:grass":18,"minecraft:smooth_quartz":6,"stalwart_dungeons:pusher":1,"minecraft:smooth_basalt":5,"minecraft:deepslate":526,"minecraft:yellow_terracotta":3,"iceandfire:silver_ore":3,"stalwart_dungeons:soul_bricks":7,"minecraft:dark_oak_log":4,"minecraft:nether_bricks":17,"minecraft:spruce_fence":11,"born_in_chaos_v1:black_argillite":28,"minecraft:crimson_roots":1,"luminousworld:grassvariant_2":3,"wildwestguns2_3d:silver_ore":1,"minecraft:moss_block":2,"placeablesmod:water_bucket_block":3,"minecraft:andesite":50,"minecraft:green_terracotta":13,"minecraft:potatoes":12,"minecraft:vine":1,"minecraft:white_wool":8,"minecraft:cake":3,"minecraft:smithing_table":1,"luminousworld:savannah_soil":3,"minecraft:gray_concrete":2,"minecraft:glass_pane":1,"minecraft:chiseled_nether_bricks":1,"minecraft:polished_blackstone_brick_wall":5,"minecraft:dandelion":1,"ecologics:thin_ice":3,"minecraft:tall_grass":6,"minecraft:diorite":4,"stalwart_dungeons:tungsten_ore":10,"minecraft:red_terracotta":8,"minecraft:white_carpet":9,"minecraft:spruce_log":15,"luminousworld:clovers_5":1,"luminousworld:ishstone":1,"minecraft:gravel":7,"minecraft:cobweb":41,"minecraft:brown_terracotta":18,"minecraft:polished_blackstone":2,"minecraft:stone_bricks":23,"luminousworld:elephant_grass":2,"minecraft:chipped_anvil":15,"minecraft:fern":1,"minecraft:sculk_vein":3,"minecraft:brewing_stand":3,"minecraft:cave_vines_plant":3,"luminousworld:bao_bob_wood":1,"minecraft:cracked_polished_blackstone_bricks":33,"iceandfire:dread_spawner":12,"minecraft:polished_blackstone_brick_slab":4,"minecraft:composter":3,"minecraft:polished_blackstone_pressure_plate":1,"minecraft:gilded_blackstone":1,"iceandfire:crackled_cobblestone":1,"minecraft:smooth_stone":1,"minecraft:glowstone":1,"minecraft:red_nether_brick_stairs":1,"minecraft:iron_ore":29,"minecraft:anvil":12,"minecraft:dark_oak_stairs":3,"minecraft:iron_bars":6,"iceandfire:chared_cobblestone":1,"minecraft:waxed_cut_copper_stairs":1,"minecraft:deepslate_redstone_ore":2,"ecologics:pot":1,"minecraft:cyan_terracotta":8,"minecraft:blackstone":12,"luminousworld:tall_deadbush":3,"luminousworld:purple_petunias":1,"stalwart_dungeons:transient_block_close":2,"minecraft:orange_terracotta":40,"iceandfire:dragon_ice_spikes":7,"minecraft:calcite":2,"minecraft:cobblestone":18,"minecraft:slime_block":44,"minecraft:oak_planks":6,"placeablesmod:bread_full_block":1,"minecraft:iron_door":1,"minecraft:wall_torch":3,"minecraft:seagrass":1,"minecraft:light_weighted_pressure_plate":1,"minecraft:nether_wart_block":1,"luminousworld:bao_bob_log":188,"minecraft:tnt":13,"iceandfire:dread_stone_bricks_mossy":1,"minecraft:oak_log":8,"minecraft:beetroots":8,"minecraft:lime_terracotta":8,"minecraft:sand":40,"minecraft:dirt":11,"minecraft:ancient_debris":7,"minecraft:netherrack":65,"luminousworld:savannah_grass_4":6,"iceandfire:dread_stone_bricks":1,"minecraft:oak_leaves":5,"alexscaves:spelunkery_table":2,"minecraft:diamond_ore":4,"minecraft:tuff":13,"minecraft:deepslate_diamond_ore":37,"luminousworld:grassvariant_4":1,"born_in_chaos_v1:infected_diamond_ore":2,"iceandfire:frozen_splinters":3,"minecraft:spruce_leaves":2,"iceandfire:dragonforge_ice_brick":8,"minecraft:large_fern":1,"minecraft:hay_block":7,"minecraft:carrots":11,"minecraft:raw_gold_block":7,"iceandfire:dragon_bone_block":3,"minecraft:gold_block":56,"minecraft:bookshelf":20,"minecraft:deepslate_iron_ore":11,"luminousworld:snowgrass":1,"minecraft:stone":369,"minecraft:flowering_azalea":1,"minecraft:basalt":26,"minecraft:oak_fence":1,"minecraft:crafting_table":41,"luminousworld:savannah_grass_1":5,"undead_revamp2:bostrokestone":6,"minecraft:blackstone_slab":2,"minecraft:lectern":18,"minecraft:polished_blackstone_brick_stairs":1,"minecraft:sculk":3,"minecraft:blue_bed":2,"supplementaries:urn":24,"minecraft:spruce_stairs":2,"minecraft:birch_planks":2,"minecraft:beehive":12,"minecraft:polished_blackstone_stairs":2,"minecraft:ice":4,"minecraft:gray_bed":5,"iceandfire:ash":3,"minecraft:coal_ore":11,"minecraft:cyan_carpet":6,"minecraft:terracotta":21},"minecraft:killed":{"illagerinvasion:archivist":4,"minecraft:cave_spider":38,"born_in_chaos_v1:zombie_lumberjack":2,"born_in_chaos_v1:restless_spirit":9,"born_in_chaos_v1:skeleton_demoman":7,"luminousworld:frost_bitten_skeleton":12,"illagerinvasion:basher":3,"born_in_chaos_v1:baby_skeleton_minion":8,"undead_revamp2:theswarmer":1,"minecraft:skeleton":53,"minecraft:guardian":9,"mowziesmobs:umvuthana_crane":3,"born_in_chaos_v1:skeleton_thrasher":3,"iceandfire:dread_scuttler":14,"undead_revamp2:thepregnant":1,"undead_revamp2:thespitter":1,"enemyexpansion:vampflyer":2,"illagerinvasion:necromancer":1,"minecraft:magma_cube":63,"minecraft:elder_guardian":1,"stalwart_dungeons:giddy_blaze":18,"undead_revamp2:theheavy":1,"born_in_chaos_v1:dread_hound_not_despawn":2,"iceandfire:cockatrice":1,"minecraft:pillager":82,"minecraft:zombie":35,"stalwart_dungeons:incomplete_wither":2,"born_in_chaos_v1:corpse_fly":7,"enemyexpansion:botfly":8,"iceandfire:lightning_dragon":2,"iceandfire:dread_ghoul":37,"born_in_chaos_v1:door_knight":1,"takesapillage:archer":5,"iceandfire:sea_serpent":3,"minecraft:cow":2,"alexscaves:corrodent":1,"enemyexpansion:trollenraged":1,"luminousworld:frostbitten_zombie":11,"minecraft:evoker":4,"undead_revamp2:thehunter":2,"undead_revamp2:theimmortal":1,"minecraft:vindicator":47,"illagerinvasion:marauder":1,"iceandfire:dread_beast":19,"born_in_chaos_v1:firelight":6,"endermanoverhaul:crimson_forest_enderman":1,"creeperoverhaul:snowy_creeper":1,"enemyexpansion:faller":1,"mowziesmobs:ferrous_wroughtnaut":1,"iceandfire:dread_knight":64,"enemyexpansion:silverqueen":2,"stalwart_dungeons:nether_wart_cocoon":5,"undead_revamp2:thebidy":4,"alexsmobs:tusklin":4,"earthmobsmod:albino_cow":1,"enemyexpansion:scorpion":1,"born_in_chaos_v1:spirit_guide":1,"minecraft:husk":14,"earthmobsmod:bouldering_zombie":1,"iceandfire:cyclops":1,"undead_revamp2:the_moonflower":15,"endermanoverhaul:snowy_enderman":1,"enemyexpansion:sprinter":7,"minecraft:frog":2,"minecraft:ravager":1,"earthmobsmod:wooly_cow":2,"born_in_chaos_v1:decrepit_skeleton":6,"undead_revamp2:thesomnolence":29,"iceandfire:ice_dragon":2,"undead_revamp2:thewolf":1,"born_in_chaos_v1:zombie_clown":1,"minecraft:witch":1,"minecraft:zombified_piglin":4,"minecraft:spider":46,"cataclysm:netherite_monstrosity":1,"undead_revamp2:thesmoker":2,"illagerinvasion:provoker":6,"minecraft:silverfish":5,"minecraft:illusioner":4,"minecraft:piglin_brute":21,"undead_revamp2:crackleball":5,"artifacts:mimic":2,"minecraft:piglin":51,"born_in_chaos_v1:bonescaller":5,"minecraft:pig":1,"minecraft:zombie_villager":2,"born_in_chaos_v1:diamond_termite":8,"illagerinvasion:alchemist":1,"minecraft:creeper":2,"alexsmobs:crimson_mosquito":18,"minecraft:sheep":1,"undead_revamp2:thebidyupside":2,"luminousworld:savannah_skeleton":2,"born_in_chaos_v1:dread_hound":4,"alexsmobs:toucan":1,"minecraft:stray":35,"undead_revamp2:theskeeper":3,"mowziesmobs:umvuthana_raptor":1,"minecraft:blaze":35,"alexsmobs:bone_serpent":1,"minecraft:vex":13,"undead_revamp2:thegliter":3,"enemyexpansion:intruder":1,"minecraft:slime":10,"enemyexpansion:direwolf":17,"born_in_chaos_v1:zombie_bruiser":1,"born_in_chaos_v1:maggot":15,"minecraft:phantom":5,"iceandfire:dread_thrall":70,"iceandfire:fire_dragon":1,"minecraft:drowned":1,"born_in_chaos_v1:corpse_fish":1,"undead_revamp2:thehorrors":1,"alexsmobs:skreecher":1,"undead_revamp2:sucker":3,"enemyexpansion:goblin":1,"luminousworld:savannah_zombie":12,"mowziesmobs:umvuthana":17,"friendsandfoes:iceologer":1,"born_in_chaos_v1:swarmer":1,"born_in_chaos_v1:baby_skeleton":3,"stalwart_dungeons:reinforced_blaze":10,"born_in_chaos_v1:spirit_guide_assistant":2,"iceandfire:troll":1,"takesapillage:skirmisher":4,"minecraft:bat":2,"mowziesmobs:umvuthana_follower_raptor":4,"minecraft:hoglin":5,"alexsmobs:emu":1,"enemyexpansion:crawler":2,"born_in_chaos_v1:decaying_zombie":1,"enemyexpansion:huntsman":2,"born_in_chaos_v1:nightmare_stalker":2,"minecraft:wither_skeleton":101,"enemyexpansion:slugger":1}},"DataVersion":3465}