{"stats":{"minecraft:crafted":{"minecraft:cooked_beef":2,"minecraft:oak_planks":64,"minecraft:crafting_table":1,"minecraft:spruce_planks":52,"minecraft:baked_potato":3,"minecraft:oak_wood":9,"minecraft:spruce_fence":3,"minecraft:spruce_slab":6,"minecraft:stick":4,"minecraft:stone_sword":1},"minecraft:mined":{"luminousworld:white_petunias":3,"luminousworld:groundpebbles_1":1,"minecraft:potted_pink_tulip":1,"minecraft:spruce_planks":2,"minecraft:oak_sapling":1,"luminousworld:yellowpetunias":2,"born_in_chaos_v1:marigolds":5,"luminousworld:grassvariant_4":1,"luminousworld:blue_petunias":3,"minecraft:dandelion":4,"minecraft:grass_block":24,"minecraft:poppy":2,"luminousworld:grassflowers":1,"minecraft:tall_grass":2,"minecraft:spruce_leaves":7,"luminousworld:sunset_petunias":1,"minecraft:packed_mud":1,"luminousworld:yellow_grassflowers":1,"minecraft:birch_log":5,"minecraft:spruce_log":26,"minecraft:grass":4,"minecraft:coal_ore":7,"minecraft:oak_log":24,"alexscaves:underweed":1,"minecraft:dirt":20,"alexscaves:guano_layer":1,"luminousworld:grassvariant_3":1,"minecraft:stone":11,"minecraft:stone_bricks":2,"minecraft:oak_leaves":1,"minecraft:fern":1},"minecraft:dropped":{"minecraft:baked_potato":1,"minecraft:stone_sword":1,"minecraft:crafting_table":1,"minecraft:rotten_flesh":20,"minecraft:oak_planks":38,"minecraft:coal":2,"minecraft:poppy":2,"minecraft:dirt":1,"luminousworld:grassflowers":1,"immersive_aircraft:gyrodyne":1,"iceandfire:armor_red_boots":1,"minecraft:spruce_log":2},"minecraft:killed":{"undead_revamp2:the_moonflower":2,"luminousworld:frost_bitten_skeleton":2,"undead_revamp2:thesmoker":1,"enemyexpansion:direwolf":1,"earthmobsmod:wooly_cow":1,"luminousworld:mourning_cloak":1,"alexscaves:underzealot":1,"born_in_chaos_v1:dread_hound":1},"minecraft:used":{"minecraft:stone_sword":30,"minecraft:baked_potato":3,"minecraft:oak_planks":23,"iceandfire:armor_silver_helmet":1,"minecraft:spruce_planks":47,"minecraft:iron_sword":1,"better_weaponry:iron_scythe":27,"minecraft:dirt":30,"minecraft:crafting_table":1,"luminousworld:grassflowers":1,"iceandfire:armor_red_boots":1,"minecraft:spruce_log":2,"iceandfire:armor_bronze_chestplate":1,"minecraft:bread":27,"minecraft:iron_pickaxe":121,"iceandfire:armor_bronze_leggings":1,"iceandfire:armor_silver_boots":2,"minecraft:oak_sapling":18,"undead_revamp2:arapholia":1},"minecraft:custom":{"minecraft:interact_with_furnace":7,"minecraft:mob_kills":11,"minecraft:interact_with_cartography_table":1,"minecraft:interact_with_crafting_table":15,"minecraft:leave_game":4,"minecraft:time_since_death":297438,"minecraft:sleep_in_bed":6,"minecraft:time_since_rest":174304,"minecraft:sprint_one_cm":5650,"minecraft:damage_taken":2462,"minecraft:walk_one_cm":750442,"minecraft:drop":71,"minecraft:damage_dealt":3949,"minecraft:fly_one_cm":12961,"minecraft:open_chest":5,"minecraft:crouch_one_cm":190,"tombstone:undead_killed":5,"minecraft:play_time":301592,"minecraft:deaths":1,"minecraft:sneak_time":958,"minecraft:jump":1370,"minecraft:walk_on_water_one_cm":969,"minecraft:total_world_time":301592,"minecraft:fall_one_cm":23048},"minecraft:picked_up":{"minecraft:birch_log":5,"luminousworld:groundpebbles_1":1,"minecraft:wheat":9,"minecraft:crafting_table":1,"minecraft:flower_pot":1,"minecraft:brown_wool":1,"minecraft:oak_log":42,"iceandfire:armor_bronze_leggings":1,"immersive_aircraft:gyrodyne":1,"minecraft:dirt":49,"born_in_chaos_v1:marigolds":5,"born_in_chaos_v1:monster_skin":1,"minecraft:bone":2,"minecraft:apple":1,"minecraft:wheat_seeds":3,"minecraft:spruce_planks":2,"minecraft:beef":2,"born_in_chaos_v1:gnawed_bones":1,"minecraft:poppy":2,"minecraft:iron_pickaxe":2,"minecraft:enchanted_golden_apple":1,"luminousworld:white_petunias":3,"minecraft:oak_planks":35,"minecraft:birch_sapling":6,"minecraft:iron_sword":1,"minecraft:stick":12,"alexscaves:guanostone":37,"luminousworld:blue_petunias":3,"minecraft:dandelion":3,"luminousworld:sunset_petunias":1,"iceandfire:armor_red_boots":1,"minecraft:spruce_sapling":7,"iceandfire:armor_bronze_chestplate":1,"minecraft:cookie":5,"tombstone:grave_dust":4,"minecraft:white_bed":1,"minecraft:spruce_log":29,"luminousworld:grassflowers":2,"minecraft:stone_sword":2,"minecraft:arrow":2,"minecraft:rotten_flesh":20,"luminousworld:yellow_grassflowers":1,"luminousworld:yellowpetunias":1,"minecraft:iron_helmet":1,"minecraft:granite":2,"better_weaponry:iron_scythe":1,"minecraft:pink_tulip":1,"minecraft:bread":26,"iceandfire:armor_silver_boots":1,"minecraft:emerald":1,"supplementaries:ash":1,"minecraft:baked_potato":1,"minecraft:oak_sapling":18,"undead_revamp2:arapholia":1,"iceandfire:armor_silver_helmet":1,"minecraft:coal":8,"minecraft:cobblestone":21}},"DataVersion":3465}