{"stats":{"minecraft:crafted":{"minecraft:jungle_button":1,"minecraft:dark_oak_boat":1,"iceandfire:armor_sapphire_chestplate":1,"minecraft:cooked_chicken":3,"usefulbackpacks:backpack_small":1,"minecraft:lever":1,"minecraft:cooked_mutton":20,"minecraft:diamond_helmet":1,"minecraft:iron_boots":2,"minecraft:cooked_rabbit":6,"luminousworld:palmplank":48,"minecraft:emerald":9,"minecraft:cooked_porkchop":35,"minecraft:crafting_table":13,"minecraft:spruce_planks":4,"minecraft:iron_helmet":1,"minecraft:iron_chestplate":2,"minecraft:purple_dye":4,"minecraft:yellow_dye":7,"minecraft:shield":1,"minecraft:stick":16,"minecraft:iron_pickaxe":1,"usefulbackpacks:backpack_large":1,"minecraft:iron_ingot":36,"minecraft:light_gray_dye":1,"minecraft:jungle_sign":3,"minecraft:redstone":9,"minecraft:furnace":2,"minecraft:bone_meal":15,"alexscaves:thornwood_planks":4,"minecraft:flint_and_steel":1,"iceandfire:armor_sapphire_leggings":1,"minecraft:iron_axe":1,"minecraft:stone_pickaxe":1,"usefulbackpacks:backpack_medium":1,"minecraft:dark_oak_planks":136,"minecraft:wheat":99,"minecraft:cooked_beef":25,"minecraft:red_dye":2,"alexsmobs:cooked_moose_ribs":2,"minecraft:bucket":1,"minecraft:jungle_planks":256,"minecraft:bread":47,"minecraft:air":0,"minecraft:blue_dye":3,"minecraft:white_wool":4,"minecraft:raw_gold":18,"minecraft:iron_leggings":1,"minecraft:note_block":1,"better_weaponry:wooden_hammer":1},"minecraft:used":{"minecraft:iron_shovel":82,"minecraft:shield":164,"minecraft:creeper_head":3,"minecraft:player_head":1,"minecraft:jungle_planks":164,"minecraft:snowball":35,"minecraft:lava_bucket":16,"minecraft:red_carpet":5,"minecraft:dark_oak_boat":1,"mutantmonsters:hulk_hammer":5,"minecraft:jungle_button":1,"minecraft:furnace":2,"minecraft:skeleton_skull":2,"better_weaponry:wooden_hammer":1,"minecraft:stone_pickaxe":17,"better_weaponry:stone_scythe":1,"minecraft:golden_apple":12,"minecraft:note_block":3,"minecraft:redstone_torch":1,"minecraft:sticky_piston":8,"minecraft:lever":4,"minecraft:dark_oak_log":1,"minecraft:bread":85,"minecraft:string":4,"iceandfire:ice_dragon_flesh":1,"minecraft:jungle_sign":1,"alexsmobs:cooked_moose_ribs":2,"minecraft:dark_oak_fence":1,"minecraft:cooked_rabbit":6,"minecraft:coarse_dirt":2,"minecraft:bone_meal":12,"minecraft:experience_bottle":3,"iceandfire:silver_sword":2,"born_in_chaos_v1:ethereal_spirit":2,"minecraft:stone_shovel":2,"alexscaves:thornwood_planks":4,"minecraft:stick":28,"minecraft:torch":13,"minecraft:dirt":7,"minecraft:dark_oak_planks":73,"minecraft:iron_axe":77,"minecraft:smooth_quartz":1,"minecraft:golden_carrot":29,"luminousworld:savannah_soil":5,"tombstone:gift":11,"minecraft:cooked_beef":4,"iceandfire:dragonbone_pickaxe":27,"luminousworld:palm_log":5,"minecraft:golden_axe":5,"minecraft:water_bucket":94,"iceandfire:dread_knight_sword":584,"minecraft:crafting_table":12,"supplementaries:bomb":1,"minecraft:painting":29,"minecraft:iron_pickaxe":386,"tombstone:magic_scroll":5,"minecraft:spruce_sapling":1,"minecraft:cooked_porkchop":22,"minecraft:bucket":110,"born_in_chaos_v1:wood_splitter_axe":3},"minecraft:picked_up":{"minecraft:iron_chestplate":3,"minecraft:wheat":4,"minecraft:redstone_block":1,"minecraft:chainmail_boots":2,"minecraft:creeper_head":4,"minecraft:smithing_table":6,"alexscaves:cave_tablet":2,"minecraft:enchanted_book":3,"tombstone:grave_key":2,"minecraft:string":15,"iceandfire:dragonbone_pickaxe":1,"minecraft:iron_leggings":2,"minecraft:sticky_piston":40,"minecraft:gold_nugget":5,"iceandfire:frost_lily":1,"minecraft:redstone_torch":48,"minecraft:cobblestone_slab":1,"minecraft:smooth_quartz":2,"minecraft:iron_pickaxe":1,"minecraft:melon_slice":6,"minecraft:iron_boots":2,"minecraft:furnace":2,"minecraft:beehive":1,"minecraft:stick":36,"minecraft:porkchop":23,"iceandfire:dread_sword":3,"minecraft:spruce_stairs":1,"luminousworld:savannah_soil":5,"born_in_chaos_v1:pileof_dark_metal":1,"minecraft:golden_axe":1,"minecraft:cherry_log":2,"tombstone:grave_dust":14,"minecraft:pointed_dripstone":1,"born_in_chaos_v1:nightmare_claw":3,"minecraft:golden_chestplate":1,"mutantmonsters:hulk_hammer":1,"minecraft:light_gray_bed":1,"minecraft:rotten_flesh":108,"luminousworld:yellow_grassflowers":3,"minecraft:snowball":38,"minecraft:iron_bars":2,"minecraft:cobblestone":25,"minecraft:feather":3,"minecraft:repeater":65,"minecraft:iron_door":1,"minecraft:water_bucket":1,"minecraft:jungle_log":64,"minecraft:dark_oak_boat":1,"minecraft:potato":6,"alexsmobs:bison_fur":1,"paraglider:spirit_orb":37,"minecraft:flint":1,"minecraft:wither_skeleton_skull":1,"minecraft:dirt":21,"minecraft:bone":31,"minecraft:bow":1,"alexscaves:guano":2,"minecraft:wheat_seeds":5,"better_weaponry:stone_scythe":1,"minecraft:mossy_stone_bricks":1,"naturalist:snail_shell":1,"minecraft:oak_planks":4,"minecraft:cooked_porkchop":1,"iceandfire:dragonscales_sapphire":19,"minecraft:dark_oak_log":38,"alexsmobs:animal_dictionary":1,"minecraft:mossy_cobblestone":12,"undead_revamp2:heavytooth":1,"minecraft:bundle":2,"minecraft:lever":4,"luminousworld:snow_poppy":1,"minecraft:emerald":5,"minecraft:bread":38,"minecraft:netherrack":9,"minecraft:dark_oak_fence":1,"minecraft:oak_sapling":1,"iceandfire:armor_silver_helmet":2,"iceandfire:raw_silver":6,"luminousworld:groundpebbles_1":1,"minecraft:coarse_dirt":2,"minecraft:crafting_table":2,"minecraft:azure_bluet":2,"iceandfire:witherbone":9,"minecraft:leather_leggings":1,"minecraft:shield":1,"minecraft:cornflower":3,"minecraft:iron_shovel":2,"luminousworld:palm_log":17,"supplementaries:bomb":1,"tombstone:scroll_of_unstable_intangibility":1,"minecraft:beef":11,"iceandfire:dread_knight_sword":4,"alexscaves:thornwood_log":1,"minecraft:player_head":1,"minecraft:jungle_sapling":8,"minecraft:poppy":2,"minecraft:sugar_cane":52,"minecraft:phantom_membrane":2,"iceandfire:ice_dragon_heart":1,"minecraft:raw_iron":2,"minecraft:raw_gold_block":2,"iceandfire:armor_sapphire_chestplate":1,"minecraft:note_block":2,"luminousworld:palm_sapling":1,"minecraft:cookie":5,"born_in_chaos_v1:pieceofdarkmetal":2,"minecraft:carrot":4,"minecraft:stone_pressure_plate":23,"minecraft:dark_oak_planks":20,"minecraft:stone_shovel":1,"iceandfire:silver_ingot":9,"minecraft:arrow":2,"born_in_chaos_v1:wood_splitter_axe":2,"minecraft:hay_block":6,"mowziesmobs:ice_crystal":1,"mowziesmobs:umvuthana_mask_bliss":1,"alexscaves:vesper_wing":1,"minecraft:mutton":4,"minecraft:skeleton_skull":2,"minecraft:white_wool":5,"minecraft:oxeye_daisy":1,"born_in_chaos_v1:fused_bone":2,"born_in_chaos_v1:corpse_maggot":2,"luminousworld:palmplank":2,"minecraft:golden_carrot":4,"minecraft:leather":18,"iceandfire:armor_sapphire_leggings":1,"minecraft:oak_log":2,"minecraft:chainmail_chestplate":2,"minecraft:gunpowder":3,"minecraft:cobblestone_stairs":1,"tombstone:voodoo_poppet":1,"minecraft:white_banner":1,"tombstone:gift":3,"minecraft:red_carpet":5,"minecraft:iron_ingot":91,"minecraft:glass_bottle":1,"minecraft:dark_oak_stairs":1,"minecraft:emerald_block":2,"born_in_chaos_v1:ethereal_spirit":2,"minecraft:dandelion":4,"minecraft:gravel":6,"minecraft:blast_furnace":6,"minecraft:spruce_log":1,"minecraft:slime_ball":1,"minecraft:iron_helmet":2,"minecraft:painting":29,"minecraft:mossy_cobblestone_stairs":4,"minecraft:gray_wool":1,"iceandfire:ice_dragon_flesh":1,"tombstone:magic_scroll":2,"minecraft:coal":4,"iceandfire:chared_gravel":1},"minecraft:killed_by":{"minecraft:vindicator":1,"minecraft:player":1},"minecraft:broken":{"minecraft:chainmail_boots":1,"minecraft:shield":1,"minecraft:iron_pickaxe":1,"minecraft:iron_helmet":1,"aether:leather_gloves":1},"minecraft:dropped":{"iceandfire:raw_silver":2,"naturalist:snail_shell":1,"minecraft:cooked_beef":21,"minecraft:oak_log":2,"minecraft:crafting_table":2,"minecraft:cookie":5,"born_in_chaos_v1:pileof_dark_metal":1,"born_in_chaos_v1:nightmare_claw":2,"paraglider:spirit_orb":19,"minecraft:dirt":11,"iceandfire:dread_sword":2,"minecraft:mutton":2,"minecraft:snowball":3,"minecraft:gold_nugget":5,"minecraft:phantom_membrane":1,"minecraft:iron_pickaxe":1,"minecraft:dark_oak_planks":25,"minecraft:white_wool":14,"minecraft:bone":7,"minecraft:gravel":6,"minecraft:emerald_block":1,"mutantmonsters:hulk_hammer":1,"minecraft:cooked_chicken":3,"alexsmobs:animal_dictionary":2,"alexscaves:cave_tablet":2,"minecraft:wheat":6,"born_in_chaos_v1:ethereal_spirit":2,"minecraft:rotten_flesh":67,"minecraft:oak_planks":1,"minecraft:enchanted_golden_apple":1,"minecraft:beehive":1,"minecraft:carrot":1,"minecraft:chainmail_chestplate":2,"minecraft:gunpowder":6,"minecraft:chainmail_boots":2,"iceandfire:frost_lily":1,"iceandfire:dread_knight_sword":1,"minecraft:iron_bars":2,"minecraft:arrow":2,"minecraft:beef":10,"minecraft:netherrack":8,"minecraft:iron_ingot":77,"minecraft:enchanted_book":2,"minecraft:wheat_seeds":4,"minecraft:cherry_log":2,"minecraft:mossy_cobblestone":5,"minecraft:smithing_table":2,"minecraft:cobblestone":5,"minecraft:golden_axe":1,"minecraft:iron_helmet":2,"minecraft:lead":3,"minecraft:purple_dye":1,"minecraft:coal":4,"minecraft:stick":18,"minecraft:golden_carrot":4,"tombstone:magic_scroll":1,"minecraft:torch":2,"tombstone:grave_key":3,"iceandfire:silver_sword":1,"minecraft:repeater":1,"minecraft:smooth_quartz":1,"born_in_chaos_v1:fused_bone":2,"minecraft:iron_door":1,"iceandfire:armor_silver_metal_chestplate":1,"tombstone:grave_dust":9,"minecraft:iron_leggings":5,"tombstone:scroll_of_lightning_resistance":1,"minecraft:mossy_cobblestone_stairs":4,"minecraft:paper":18,"minecraft:string":2,"minecraft:iron_shovel":1,"tombstone:voodoo_poppet":1,"alexscaves:guano":2,"minecraft:creeper_head":1,"iceandfire:armor_silver_helmet":2,"supplementaries:bomb":1,"minecraft:stone_shovel":2,"iceandfire:witherbone":2,"minecraft:iron_boots":3,"luminousworld:palm_sapling":1,"luminousworld:snow_poppy":1,"tombstone:scroll_of_unstable_intangibility":1,"minecraft:blast_furnace":2,"minecraft:flint_and_steel":1,"luminousworld:yellow_grassflowers":1,"minecraft:iron_chestplate":5,"luminousworld:groundpebbles_1":1,"minecraft:mossy_stone_bricks":1,"minecraft:oak_sapling":1,"minecraft:redstone_torch":1,"minecraft:stone_pressure_plate":23,"minecraft:bow":1},"minecraft:custom":{"minecraft:interact_with_crafting_table":44,"minecraft:open_barrel":63,"goblintraders:trade_with_goblin":4,"minecraft:eat_cake_slice":4,"minecraft:leave_game":9,"minecraft:time_since_death":48991,"minecraft:sprint_one_cm":845287,"minecraft:damage_blocked_by_shield":1030,"minecraft:drop":199,"minecraft:play_noteblock":41,"minecraft:play_time":313853,"minecraft:deaths":10,"minecraft:jump":6067,"minecraft:walk_on_water_one_cm":49473,"minecraft:interact_with_furnace":40,"minecraft:sleep_in_bed":4,"tombstone:sneak_grave":2,"minecraft:damage_dealt":56682,"minecraft:crouch_one_cm":22312,"tombstone:undead_killed":106,"minecraft:interact_with_smoker":29,"minecraft:use_cauldron":2,"minecraft:inspect_dispenser":16,"minecraft:interact_with_smithing_table":1,"minecraft:inspect_dropper":7,"minecraft:interact_with_anvil":3,"minecraft:mob_kills":237,"minecraft:inspect_hopper":1,"minecraft:fill_cauldron":2,"minecraft:damage_dealt_resisted":5109,"minecraft:climb_one_cm":62714,"minecraft:walk_one_cm":780581,"minecraft:sneak_time":7827,"minecraft:walk_under_water_one_cm":53548,"minecraft:interact_with_blast_furnace":3,"minecraft:total_world_time":313853,"tombstone:raider_killed":4,"minecraft:tune_noteblock":42,"minecraft:time_since_rest":48734,"minecraft:damage_taken":13936,"minecraft:damage_absorbed":302,"minecraft:trigger_trapped_chest":3,"tombstone:cast_on_ally":2,"minecraft:swim_one_cm":100528,"minecraft:fly_one_cm":1169338,"minecraft:open_chest":186,"minecraft:fall_one_cm":213798},"minecraft:mined":{"minecraft:dark_oak_planks":13,"minecraft:stone_pressure_plate":31,"minecraft:cobblestone_stairs":1,"minecraft:jungle_leaves":16,"minecraft:grass_block":21,"minecraft:infested_cobblestone":68,"minecraft:jungle_log":73,"minecraft:light_gray_bed":1,"luminousworld:snow_poppy":1,"minecraft:oxeye_daisy":1,"minecraft:spawner":10,"minecraft:mossy_cobblestone_stairs":2,"minecraft:fire":4,"minecraft:iron_ore":2,"minecraft:sticky_piston":36,"minecraft:azure_bluet":2,"minecraft:dark_oak_stairs":1,"supplementaries:stick":17,"minecraft:pointed_dripstone":9,"minecraft:cave_vines":1,"iceandfire:gold_pile":1,"minecraft:dirt_path":1,"minecraft:iron_bars":2,"minecraft:player_head":1,"minecraft:tripwire":4,"minecraft:piston_head":4,"minecraft:soul_fire":4,"minecraft:note_block":2,"minecraft:blast_furnace":2,"minecraft:poppy":2,"minecraft:melon":1,"minecraft:dead_bush":2,"iceandfire:frozen_dirt":1,"minecraft:cobblestone":38,"minecraft:oak_planks":5,"minecraft:sugar_cane":19,"minecraft:iron_door":1,"minecraft:skeleton_skull":2,"minecraft:warped_nylium":1,"minecraft:repeater":52,"minecraft:mud":3,"minecraft:stone_brick_stairs":1,"minecraft:grass":11,"minecraft:oak_log":4,"minecraft:smooth_quartz":1,"minecraft:dirt":22,"luminousworld:grassvariant_3":2,"luminousworld:palm_log":17,"minecraft:dispenser":1,"minecraft:netherrack":28,"luminousworld:savannah_grass_4":1,"minecraft:deepslate":1,"minecraft:oak_leaves":4,"minecraft:emerald_block":1,"minecraft:dark_prismarine":2,"luminousworld:groundpebbles_1":1,"minecraft:red_carpet":3,"iceandfire:silver_ore":4,"minecraft:mossy_cobblestone":37,"luminousworld:grassvariant_4":1,"minecraft:dark_oak_log":38,"minecraft:lever":1,"minecraft:dark_oak_fence":1,"minecraft:jungle_planks":1,"iceandfire:frozen_grass":1,"minecraft:redstone_wire":5,"luminousworld:grassvariant_2":5,"minecraft:hay_block":6,"minecraft:furnace":2,"luminousworld:yellow_grassflowers":2,"minecraft:raw_gold_block":2,"minecraft:snow":42,"minecraft:acacia_wood":1,"placeablesmod:water_bucket_block":1,"iceandfire:chared_gravel":1,"minecraft:mossy_stone_brick_stairs":1,"minecraft:cobblestone_slab":1,"minecraft:vine":4,"luminousworld:snowgrass":2,"minecraft:lantern":1,"iceandfire:frost_lily":1,"minecraft:stone":5,"minecraft:redstone_wall_torch":16,"minecraft:smithing_table":2,"luminousworld:savannah_soil":5,"minecraft:redstone_block":2,"minecraft:dandelion":4,"minecraft:crafting_table":1,"minecraft:cornflower":3,"minecraft:emerald_ore":2,"placeablesmod:stick_block":3,"minecraft:stone_slab":1,"luminousworld:grassflowers":1,"minecraft:tall_grass":2,"minecraft:spruce_stairs":1,"minecraft:beehive":1,"minecraft:redstone_torch":32,"minecraft:creeper_head":3,"minecraft:spruce_log":12,"alexscaves:thornwood_log":2,"minecraft:gravel":8,"minecraft:dripstone_block":2,"minecraft:cobweb":8,"alexscaves:guano_layer":1,"minecraft:stone_bricks":3,"minecraft:mossy_stone_bricks":4,"minecraft:infested_stone":1},"minecraft:killed":{"born_in_chaos_v1:restless_spirit":1,"born_in_chaos_v1:zombie_lumberjack":2,"enemyexpansion:equestrian":2,"minecraft:spider":4,"luminousworld:frost_bitten_skeleton":1,"undead_revamp2:thesmoker":5,"born_in_chaos_v1:siamese_skeletonsright":2,"naturalist:snail":2,"minecraft:skeleton":10,"alexscaves:underzealot":2,"born_in_chaos_v1:skeleton_thrasher":1,"minecraft:silverfish":55,"minecraft:camel":1,"undead_revamp2:thespectre":2,"undead_revamp2:crackleball":1,"luminousworld:hollow":2,"minecraft:zombie_villager":2,"naturalist:firefly":1,"undead_revamp2:theheavy":1,"minecraft:sheep":4,"minecraft:pillager":1,"enemyexpansion:meature":1,"minecraft:zombie":11,"minecraft:stray":1,"alexsmobs:fly":1,"born_in_chaos_v1:door_knight":1,"mowziesmobs:umvuthana_raptor":1,"born_in_chaos_v1:siamese_skeletonsleft":2,"minecraft:cow":2,"alexscaves:corrodent":2,"luminousworld:frostbitten_zombie":2,"undead_revamp2:thehunter":1,"undead_revamp2:theimmortal":3,"creeperoverhaul:badlands_creeper":1,"minecraft:vindicator":1,"alexscaves:vesper":1,"luminousworld:sunken_skeleton":1,"minecraft:slime":1,"undead_revamp2:bomber":1,"enemyexpansion:direwolf":3,"alexsmobs:rattlesnake":1,"born_in_chaos_v1:zombie_bruiser":2,"born_in_chaos_v1:maggot":16,"minecraft:phantom":2,"creeperoverhaul:snowy_creeper":1,"minecraft:horse":3,"alexsmobs:bison":1,"undead_revamp2:sucker":1,"luminousworld:savannah_zombie":1,"earthmobsmod:albino_cow":2,"born_in_chaos_v1:mr_pumpkin_controlled":1,"friendsandfoes:copper_golem":1,"minecraft:husk":3,"born_in_chaos_v1:baby_skeleton":4,"undead_revamp2:the_moonflower":14,"enemyexpansion:sprinter":2,"mowziesmobs:umvuthana_follower_raptor":4,"earthmobsmod:cream_cow":1,"minecraft:hoglin":6,"endermanoverhaul:windswept_hills_enderman":1,"born_in_chaos_v1:decrepit_skeleton":2,"born_in_chaos_v1:decaying_zombie":2,"endermanoverhaul:cave_enderman":1,"enemyexpansion:huntsman":1,"luminousworld:zebra_longwing":1,"born_in_chaos_v1:nightmare_stalker":1,"mutantmonsters:mutant_zombie":1,"minecraft:wither_skeleton":18}},"DataVersion":3465}