{"stats":{"minecraft:broken":{"aether:golden_gloves":1,"minecraft:iron_chestplate":1,"minecraft:iron_leggings":4,"iceandfire:armor_bronze_helmet":1,"aether:iron_gloves":1,"minecraft:chainmail_helmet":1,"minecraft:wooden_pickaxe":1,"minecraft:iron_axe":3,"minecraft:iron_helmet":1,"iceandfire:armor_silver_leggings":1,"iceandfire:armor_red_boots":1,"minecraft:stone_pickaxe":1,"minecraft:diamond_boots":1,"iceandfire:armor_red_helmet":1,"better_weaponry:iron_scythe":7,"iceandfire:armor_red_chestplate":1},"minecraft:picked_up":{"minecraft:iron_chestplate":6,"minecraft:anvil":1,"minecraft:chainmail_boots":7,"minecraft:flower_pot":12,"minecraft:prismarine_shard":2,"minecraft:smithing_table":1,"alexscaves:guanostone_tiles":3,"minecraft:brown_bed":10,"minecraft:wither_rose":8,"minecraft:enchanted_book":3,"minecraft:string":37,"minecraft:dark_oak_trapdoor":1,"minecraft:beetroot":10,"minecraft:gold_nugget":22,"minecraft:cobbled_deepslate":283,"minecraft:spruce_planks":201,"minecraft:enchanted_golden_apple":1,"minecraft:coal_block":1,"minecraft:mangrove_log":3,"minecraft:golden_helmet":1,"ecologics:flowering_azalea_planks":2,"minecraft:beehive":1,"luminousworld:auburnlog":7,"born_in_chaos_v1:shattered_skull":3,"minecraft:big_dripleaf":7,"minecraft:acacia_log":1,"minecraft:cherry_log":5,"born_in_chaos_v1:black_argillite_brick_stairs":1,"tombstone:tablet_of_cupidity":1,"minecraft:rabbit_foot":2,"mutantmonsters:mutant_skeleton_pelvis":1,"minecraft:brown_carpet":13,"minecraft:orange_bed":1,"minecraft:light_gray_bed":3,"iceandfire:fire_dragon_heart":3,"minecraft:carved_pumpkin":9,"supplementaries:ash":42,"minecraft:iron_bars":3,"minecraft:snowball":84,"iceandfire:sapphire_gem":1,"minecraft:magma_block":6,"minecraft:dune_armor_trim_smithing_template":2,"minecraft:feather":7,"minecraft:cooked_beef":16,"minecraft:iron_door":1,"minecraft:jungle_log":4,"minecraft:jungle_wood":1,"minecraft:smoker":5,"alexsmobs:bison_fur":4,"minecraft:flint":2,"alexscaves:thornwood_stairs":3,"minecraft:lantern":30,"tombstone:familiar_receptacle":1,"iceandfire:armor_gray_boots":1,"undead_revamp2:blacpetalblock":2,"supplementaries:goblet":1,"minecraft:stonecutter":1,"alexscaves:guano":20,"better_weaponry:stone_scythe":2,"minecraft:rabbit":2,"minecraft:moss_block":29,"alexscaves:porous_coprolith":31,"minecraft:pitcher_pod":4,"iceandfire:dragon_skull_fire":4,"minecraft:stripped_spruce_log":115,"minecraft:dark_oak_log":2,"minecraft:barrel":1,"iceandfire:armor_sapphire_helmet":1,"minecraft:red_terracotta":1,"undead_revamp2:heavytooth":6,"minecraft:bundle":21,"minecraft:iron_hoe":2,"alexscaves:occult_gem":1,"minecraft:polished_andesite":3,"minecraft:lever":156,"iceandfire:lectern":6,"ecologics:azalea_planks":4,"luminousworld:yellowpetunias":1,"minecraft:writable_book":1,"iceandfire:troll_weapon_axe":1,"minecraft:granite":45,"better_weaponry:iron_scythe":13,"luminousworld:auburn_sapling":4,"minecraft:chainmail_helmet":2,"minecraft:bread":39,"born_in_chaos_v1:rotten_fish":1,"minecraft:bricks":4,"iceandfire:armor_silver_helmet":2,"minecraft:dark_oak_fence":17,"iceandfire:raw_silver":43,"minecraft:diamond_pickaxe":1,"luminousworld:groundpebbles_1":3,"minecraft:spruce_leaves":80,"minecraft:crafting_table":44,"minecraft:coarse_dirt":16,"minecraft:sandstone_slab":9,"iceandfire:witherbone":1,"minecraft:nether_wart":3,"minecraft:clay_ball":125,"born_in_chaos_v1:seedof_chaos":3,"minecraft:redstone_lamp":2,"born_in_chaos_v1:charmof_resistance":2,"alexscaves:thornwood_branch":57,"minecraft:stripped_mangrove_log":1,"minecraft:cornflower":4,"minecraft:red_bed":1,"minecraft:flint_and_steel":1,"minecraft:white_carpet":212,"born_in_chaos_v1:intoxicating_decoction":4,"minecraft:iron_shovel":2,"iceandfire:ghost_ingot":2,"luminousworld:palm_log":24,"iceandfire:graveyard_soil":1,"iceandfire:bestiary":7,"minecraft:cartography_table":1,"minecraft:beef":52,"born_in_chaos_v1:gnawed_bones":9,"minecraft:spruce_slab":32,"minecraft:poppy":3,"iceandfire:dragonscales_electric":51,"minecraft:chest":9,"minecraft:piston":3,"minecraft:sandstone":1,"minecraft:stone":8,"alexscaves:guanostone":115,"ecologics:stripped_walnut_log":5,"minecraft:spruce_fence":9,"luminousworld:palm_sapling":1,"born_in_chaos_v1:pieceofdarkmetal":19,"minecraft:carrot":46,"minecraft:redstone":88,"minecraft:prismarine_crystals":6,"minecraft:blue_carpet":1,"iceandfire:dragon_skull_ice":5,"mowziesmobs:umvuthana_mask_faith":2,"minecraft:stone_shovel":1,"minecraft:beetroot_seeds":14,"minecraft:diamond_boots":2,"minecraft:shears":1,"iceandfire:dragonscales_silver":31,"artifacts:snowshoes":1,"minecraft:hay_block":318,"minecraft:sandstone_stairs":1,"tombstone:essence_of_undeath":3,"minecraft:gold_ingot":65,"minecraft:glow_berries":39,"minecraft:mutton":4,"minecraft:white_wool":13,"minecraft:rail":19,"minecraft:stripped_oak_log":20,"ecologics:flowering_azalea_log":4,"minecraft:birch_leaves":10,"luminousworld:palmplank":5,"minecraft:mud_bricks":17,"born_in_chaos_v1:monster_flesh":4,"born_in_chaos_v1:pumpkin_staff":1,"minecraft:tripwire_hook":1,"luminousworld:ishstone":12,"minecraft:filled_map":3,"minecraft:packed_mud":40,"supplementaries:urn":4,"minecraft:oak_log":57,"minecraft:lily_pad":5,"mowziesmobs:wrought_axe":1,"mutantmonsters:mutant_skeleton_limb":7,"minecraft:blue_bed":13,"minecraft:paper":37,"tombstone:gift":1,"born_in_chaos_v1:soul_cutlass":1,"minecraft:light_blue_banner":28,"minecraft:apple":4,"iceandfire:pixie_jar_empty":2,"mowziesmobs:umvuthana_mask_rage":3,"mowziesmobs:foliaath_seed":3,"minecraft:stone_pickaxe":1,"minecraft:iron_ore":16,"tombstone:bag_of_seeds":5,"minecraft:glass_bottle":2,"minecraft:iron_sword":8,"minecraft:flowering_azalea":7,"alexscaves:coprolith":30,"minecraft:dark_oak_stairs":102,"minecraft:polished_andesite_stairs":3,"endrem:witch_pupil":1,"minecraft:dark_oak_slab":18,"alexscaves:moth_dust":6,"minecraft:yellow_concrete":4,"iceandfire:dragonbone_sword":1,"born_in_chaos_v1:ethereal_spirit":29,"minecraft:gravel":32,"iceandfire:cyclops_skull":1,"minecraft:spruce_sapling":25,"minecraft:spruce_log":141,"minecraft:purple_bed":2,"minecraft:slime_ball":22,"minecraft:polished_diorite":130,"minecraft:painting":33,"iceandfire:armor_silver_boots":1,"iceandfire:ice_dragon_flesh":5,"mowziesmobs:umvuthana_mask_fear":1,"minecraft:melon_seeds":1,"minecraft:ender_pearl":2,"minecraft:wheat":68,"illagerinvasion:platinum_chunk":50,"aether:iron_gloves":1,"alexscaves:cave_tablet":20,"earthmobsmod:fancy_egg":3,"minecraft:stone_brick_stairs":2,"tombstone:grave_key":1,"born_in_chaos_v1:holiday_candy":24,"minecraft:raw_copper":17,"mutantmonsters:mutant_skeleton_skull":1,"born_in_chaos_v1:dark_upgrade":1,"minecraft:smooth_stone_slab":18,"minecraft:sticky_piston":1,"minecraft:iron_leggings":9,"minecraft:red_candle":60,"minecraft:experience_bottle":8,"minecraft:activator_rail":7,"minecraft:tnt_minecart":2,"minecraft:smooth_stone":3,"minecraft:bucket":1,"iceandfire:frost_lily":3,"artifacts:aqua_dashers":1,"minecraft:rose_bush":1,"minecraft:cobblestone_slab":25,"minecraft:calcite":1,"minecraft:azalea":12,"minecraft:smooth_quartz":5,"minecraft:iron_pickaxe":11,"iceandfire:dragonscales_red":21,"minecraft:iron_boots":2,"minecraft:furnace":23,"tombstone:scroll_of_lightning_resistance":1,"minecraft:stick":59,"minecraft:jungle_door":4,"minecraft:acacia_fence":6,"ecologics:walnut_log":37,"mowziesmobs:sol_visage":2,"minecraft:brown_terracotta":7,"minecraft:oak_fence":6,"minecraft:torch":94,"minecraft:spruce_stairs":12,"minecraft:target":7,"iceandfire:rotten_egg":1,"tombstone:grave_dust":126,"minecraft:pointed_dripstone":5,"minecraft:diorite":9,"born_in_chaos_v1:nightmare_claw":2,"minecraft:yellow_concrete_powder":3,"alexscaves:corrodent_teeth":5,"minecraft:rotten_flesh":341,"supplementaries:antique_ink":7,"ecologics:walnut_leaves":330,"minecraft:green_wool":3,"mutantmonsters:mutant_skeleton_shoulder_pad":2,"undead_revamp2:arapholia":5,"minecraft:cod":5,"minecraft:cobblestone":494,"minecraft:enchanting_table":1,"ecologics:walnut_planks":9,"ecologics:walnut":16,"minecraft:andesite":13,"minecraft:black_bed":5,"minecraft:chiseled_quartz_block":2,"minecraft:potato":208,"supplementaries:item_shelf":2,"paraglider:spirit_orb":166,"minecraft:tuff":14,"supplementaries:flax_seeds":2,"iceandfire:dragonscales_bronze":21,"minecraft:dirt":52,"artifacts:pickaxe_heater":1,"minecraft:lapis_lazuli":126,"minecraft:cut_sandstone_slab":3,"minecraft:name_tag":4,"born_in_chaos_v1:monster_skin":20,"minecraft:bone":143,"minecraft:acacia_planks":9,"minecraft:bow":3,"minecraft:wheat_seeds":14,"minecraft:raw_gold":52,"minecraft:mossy_stone_bricks":1,"minecraft:fletching_table":12,"minecraft:bamboo":1,"minecraft:powered_rail":1,"minecraft:oak_planks":60,"minecraft:diorite_wall":1,"ecologics:azalea_log":4,"iceandfire:podium_spruce":7,"minecraft:sand":107,"iceandfire:armor_red_boots":2,"minecraft:dead_bush":3,"minecraft:cyan_bed":13,"minecraft:chiseled_sandstone":1,"minecraft:mossy_cobblestone":3,"minecraft:dark_prismarine":1,"minecraft:light_gray_concrete":2,"minecraft:yellow_carpet":40,"minecraft:sugar":1,"minecraft:diamond":32,"minecraft:spruce_boat":1,"minecraft:soul_lantern":2,"iceandfire:dragon_ice":10,"minecraft:crossbow":1,"minecraft:grass":5,"minecraft:bone_meal":2,"minecraft:golden_apple":9,"alexsmobs:moose_ribs":2,"minecraft:spruce_sign":6,"minecraft:emerald":361,"minecraft:oak_sapling":29,"minecraft:chorus_fruit":2,"iceandfire:silver_nugget":284,"minecraft:oak_leaves":165,"undead_revamp2:bostroxingot":5,"minecraft:charcoal":20,"minecraft:cocoa_beans":2,"born_in_chaos_v1:diamond_termite_shard":9,"minecraft:chicken":4,"minecraft:ladder":4,"minecraft:brown_mushroom":1,"minecraft:chain":2,"minecraft:shield":1,"minecraft:moss_carpet":9,"minecraft:orange_concrete":21,"minecraft:iron_axe":11,"wildwestguns2_3d:silver_ore":1,"luminousworld:autumnleaves":54,"minecraft:item_frame":9,"minecraft:birch_fence":3,"minecraft:cyan_carpet":4,"takesapillage:ravager_horn":1,"ecologics:walnut_sapling":3,"minecraft:candle":24,"minecraft:oak_boat":9,"minecraft:player_head":16,"minecraft:lectern":24,"tombstone:dark_marble":3,"minecraft:sugar_cane":49,"minecraft:spruce_trapdoor":14,"iceandfire:ice_dragon_heart":2,"minecraft:raw_iron":232,"iceandfire:dragonbone":80,"minecraft:copper_ingot":24,"endrem:nether_eye":1,"minecraft:stone_button":3,"minecraft:cookie":15,"luminousworld:beastiary":1,"born_in_chaos_v1:charmof_endurance":1,"minecraft:stone_pressure_plate":5,"minecraft:dark_oak_planks":98,"minecraft:arrow":284,"iceandfire:silver_ingot":26,"alexscaves:dark_tatters":47,"minecraft:pumpkin_pie":2,"minecraft:golden_hoe":1,"alexscaves:spelunkery_table":1,"mowziesmobs:ice_crystal":1,"mutantmonsters:mutant_skeleton_rib":6,"minecraft:saddle":1,"alexscaves:vesper_wing":16,"paraglider:horned_statue":7,"minecraft:skeleton_skull":4,"born_in_chaos_v1:fused_bone":13,"born_in_chaos_v1:corpse_maggot":29,"mowziesmobs:umvuthana_mask_fury":1,"alexscaves:guanostone_chiseled":3,"minecraft:glow_ink_sac":9,"minecraft:salmon":1,"minecraft:leather":23,"alexscaves:forsaken_idol":2,"minecraft:birch_planks":5,"artifacts:superstitious_hat":1,"minecraft:chainmail_chestplate":6,"iceandfire:ectoplasm":6,"minecraft:gunpowder":5,"minecraft:cobblestone_stairs":14,"tombstone:voodoo_poppet":1,"immersive_aircraft:gyrodyne":29,"naturalist:glow_goop":1,"minecraft:orange_terracotta":10,"minecraft:red_carpet":17,"alexscaves:thornwood_planks":6,"minecraft:rabbit_hide":5,"minecraft:iron_ingot":172,"iceandfire:fire_dragon_flesh":4,"minecraft:soul_sand":47,"minecraft:book":223,"minecraft:scaffolding":6,"minecraft:oak_slab":3,"luminousworld:clovers_1":4,"minecraft:pumpkin":3,"iceandfire:ash":2,"minecraft:dandelion":3,"ecologics:walnut_slab":39,"born_in_chaos_v1:dark_rod":2,"minecraft:amethyst_shard":12,"mowziesmobs:wrought_helmet":1,"minecraft:red_banner":6,"minecraft:blast_furnace":3,"minecraft:white_bed":8,"minecraft:green_carpet":5,"minecraft:spider_eye":3,"luminousworld:whiteoaklog":11,"undead_revamp2:rawbostrox":23,"minecraft:pumpkin_seeds":348,"minecraft:honey_block":8,"minecraft:chainmail_leggings":2,"minecraft:iron_helmet":6,"minecraft:terracotta":11,"tombstone:magic_scroll":29,"minecraft:red_concrete":7,"minecraft:coal":352},"minecraft:custom":{"minecraft:interact_with_crafting_table":224,"minecraft:open_barrel":131,"goblintraders:trade_with_goblin":32,"minecraft:eat_cake_slice":7,"minecraft:leave_game":50,"minecraft:time_since_death":71575,"minecraft:damage_blocked_by_shield":180,"minecraft:play_time":1941723,"minecraft:deaths":45,"minecraft:jump":20545,"minecraft:enchant_item":2,"minecraft:interact_with_furnace":115,"minecraft:traded_with_villager":6,"minecraft:interact_with_cartography_table":14,"tombstone:trade_grave_guardian":1,"minecraft:sleep_in_bed":24,"minecraft:damage_dealt":285786,"tombstone:undead_killed":624,"minecraft:interact_with_smoker":19,"minecraft:inspect_dispenser":1,"minecraft:interact_with_anvil":7,"minecraft:sneak_time":88635,"minecraft:interact_with_blast_furnace":51,"minecraft:total_world_time":1941723,"tombstone:raider_killed":112,"minecraft:tune_noteblock":10,"minecraft:interact_with_stonecutter":4,"minecraft:time_since_rest":47151,"tombstone:cast_on_ally":2,"minecraft:swim_one_cm":178694,"minecraft:fly_one_cm":3319018,"minecraft:open_chest":845,"minecraft:fall_one_cm":519653,"minecraft:animals_bred":1,"minecraft:damage_resisted":483,"minecraft:sprint_one_cm":3833841,"minecraft:drop":723,"minecraft:play_noteblock":2,"minecraft:talked_to_villager":91,"minecraft:interact_with_brewingstand":3,"minecraft:walk_on_water_one_cm":207979,"minecraft:interact_with_loom":1,"tombstone:pray_of_protection":2,"minecraft:crouch_one_cm":140938,"tombstone:villager_killed":1,"minecraft:mob_kills":1146,"minecraft:fill_cauldron":1,"minecraft:damage_dealt_resisted":24615,"minecraft:climb_one_cm":84638,"minecraft:walk_one_cm":5295195,"minecraft:walk_under_water_one_cm":95697,"minecraft:pot_flower":5,"minecraft:interact_with_grindstone":1,"minecraft:damage_taken":49027,"minecraft:damage_absorbed":65,"minecraft:trigger_trapped_chest":42},"minecraft:used":{"minecraft:spruce_slab":33,"iceandfire:dragon_skull_ice":1,"minecraft:chest":34,"minecraft:stone":3,"earthmobsmod:fancy_egg":2,"minecraft:rotten_flesh":8,"minecraft:snowball":57,"iceandfire:armor_red_boots":2,"minecraft:stripped_spruce_log":3,"born_in_chaos_v1:smoked_flesh":1,"minecraft:lava_bucket":1,"minecraft:furnace":16,"minecraft:oak_sapling":1,"minecraft:potato":71,"luminousworld:clovers_1":2,"mowziesmobs:foliaath_seed":15,"alexscaves:thornwood_branch":2,"minecraft:diorite":9,"minecraft:powered_rail":1,"minecraft:wooden_pickaxe":75,"minecraft:cookie":15,"minecraft:glow_berries":60,"minecraft:golden_apple":1,"minecraft:cut_sandstone_slab":3,"minecraft:blast_furnace":16,"born_in_chaos_v1:holiday_candy":5,"ecologics:walnut_slab":64,"minecraft:pumpkin_seeds":65,"minecraft:stone_button":1,"alexscaves:guanostone":51,"minecraft:red_terracotta":1,"minecraft:lectern":30,"minecraft:soul_lantern":1,"minecraft:dark_oak_fence":45,"minecraft:oak_boat":9,"minecraft:enchanting_table":1,"minecraft:orange_concrete":14,"ecologics:walnut_log":4,"minecraft:carved_pumpkin":3,"born_in_chaos_v1:ethereal_spirit":9,"minecraft:orange_bed":1,"alexscaves:vesper_wing":1,"minecraft:stick":1,"minecraft:torch":535,"minecraft:anvil":2,"minecraft:polished_diorite":39,"alexscaves:coprolith":22,"tombstone:ankh_of_pray":20,"minecraft:flowering_azalea":1,"minecraft:iron_axe":1421,"minecraft:mud_bricks":15,"minecraft:barrel":1,"minecraft:diamond_chestplate":1,"tombstone:gift":12,"minecraft:acacia_planks":127,"minecraft:orange_terracotta":10,"minecraft:cobbled_deepslate":92,"minecraft:pointed_dripstone":1,"ecologics:azalea_planks":12,"minecraft:water_bucket":30,"minecraft:spruce_chest_boat":1,"minecraft:birch_planks":4,"minecraft:bundle":3,"undead_revamp2:bostroxset_boots":2,"minecraft:cartography_table":1,"wildwestguns2_3d:silver_ore":1,"minecraft:cauldron":1,"minecraft:fletching_table":13,"better_weaponry:iron_scythe":2178,"alexscaves:guanostone_tiles":3,"minecraft:mossy_cobblestone":2,"supplementaries:bomb":1,"minecraft:crafting_table":47,"minecraft:white_bed":9,"minecraft:spruce_log":3,"minecraft:iron_pickaxe":2008,"tombstone:magic_scroll":17,"iceandfire:cyclops_skull":1,"minecraft:spruce_trapdoor":26,"minecraft:spruce_sapling":5,"ecologics:flowering_azalea_planks":16,"minecraft:cobblestone":190,"minecraft:purple_bed":1,"minecraft:light_blue_banner":1,"minecraft:iron_shovel":435,"born_in_chaos_v1:intoxicating_decoction":1,"minecraft:shield":9,"minecraft:iron_sword":21,"minecraft:player_head":9,"minecraft:iron_chestplate":1,"minecraft:carrot":55,"minecraft:tuff":2,"minecraft:beehive":1,"born_in_chaos_v1:corpse_maggot":6,"tombstone:decorative_grave_simple":1,"minecraft:bricks":4,"mowziesmobs:umvuthana_mask_faith":1,"minecraft:lantern":15,"minecraft:packed_mud":30,"minecraft:iron_helmet":5,"born_in_chaos_v1:gnawed_bones":7,"supplementaries:goblet":1,"minecraft:item_frame":1,"tombstone:decorative_grave_normal":1,"ecologics:walnut_planks":71,"minecraft:red_carpet":2,"iceandfire:pixie_jar_empty":2,"minecraft:dark_oak_stairs":88,"minecraft:diamond_boots":5,"minecraft:stone_pickaxe":270,"iceandfire:armor_bronze_helmet":11,"minecraft:diamond_axe":39,"minecraft:oak_planks":136,"better_weaponry:stone_scythe":2,"minecraft:sandstone":1,"minecraft:blue_bed":11,"minecraft:chainmail_helmet":3,"iceandfire:armor_red_chestplate":12,"undead_revamp2:bostroxset_chestplate":14,"minecraft:crossbow":8,"minecraft:yellow_concrete":3,"minecraft:black_bed":4,"minecraft:shears":89,"undead_revamp2:bostroxset_helmet":14,"minecraft:lever":16,"iceandfire:dragonbone_sword":4,"minecraft:cyan_bed":7,"minecraft:bread":591,"luminousworld:palmplank":84,"iceandfire:dragon_skull_fire":1,"immersive_aircraft:gyrodyne":30,"minecraft:andesite":11,"minecraft:smooth_stone_slab":15,"minecraft:coarse_dirt":10,"minecraft:experience_bottle":4,"minecraft:rose_bush":5,"minecraft:flint_and_steel":18,"minecraft:redstone":33,"ecologics:walnut_door":1,"minecraft:spruce_planks":318,"minecraft:dirt":17,"minecraft:white_carpet":1,"minecraft:spruce_stairs":4,"minecraft:granite":41,"minecraft:spruce_fence":27,"supplementaries:item_shelf":5,"minecraft:wooden_axe":28,"minecraft:iron_hoe":193,"minecraft:dark_oak_planks":62,"paraglider:horned_statue":6,"minecraft:brown_terracotta":7,"minecraft:bookshelf":3,"minecraft:red_candle":23,"minecraft:iron_boots":4,"minecraft:yellow_concrete_powder":2,"alexscaves:spelunkery_table":1,"minecraft:cooked_beef":8,"tombstone:voodoo_poppet":1,"minecraft:iron_leggings":6,"minecraft:pumpkin":1,"minecraft:light_gray_bed":2,"tombstone:decorative_grave_original":1,"minecraft:brown_bed":9,"minecraft:cobblestone_stairs":2,"minecraft:iron_ore":16,"iceandfire:armor_silver_chestplate":1,"minecraft:baked_potato":45,"iceandfire:armor_silver_leggings":1,"luminousworld:ishstone":9,"minecraft:stonecutter":2,"minecraft:green_bed":1,"minecraft:cobblestone_slab":10,"ecologics:stripped_walnut_log":1,"minecraft:terracotta":9,"minecraft:painting":34,"minecraft:smoker":12,"tombstone:bag_of_seeds":11,"minecraft:flower_pot":5,"minecraft:piston":15,"minecraft:apple":4,"iceandfire:ash":1,"alexscaves:porous_coprolith":6,"iceandfire:armor_silver_boots":2,"mowziesmobs:sol_visage":1,"naturalist:glow_goop":2,"minecraft:stone_axe":33,"minecraft:red_banner":6,"minecraft:bucket":32,"minecraft:pumpkin_pie":2,"minecraft:wither_rose":2},"minecraft:mined":{"minecraft:dark_oak_planks":104,"supplementaries:goblet":1,"minecraft:cut_sandstone_slab":4,"alexscaves:forsaken_idol":2,"minecraft:white_bed":7,"placeablesmod:cooked_beef_block":3,"minecraft:carved_pumpkin":10,"minecraft:granite":63,"minecraft:yellow_carpet":49,"placeablesmod:carrot_block_1":1,"minecraft:jungle_log":2,"minecraft:light_gray_bed":2,"minecraft:coal_block":1,"alexscaves:coprolith":30,"luminousworld:savanna_grass_2":1,"minecraft:spawner":91,"minecraft:orange_concrete":23,"minecraft:magma_block":8,"minecraft:dark_oak_trapdoor":1,"minecraft:fire":58,"minecraft:sticky_piston":1,"minecraft:barrel":1,"minecraft:moss_carpet":5,"alexscaves:guanostone_tiles":4,"minecraft:pumpkin":3,"minecraft:deepslate_lapis_ore":1,"minecraft:fletching_table":12,"minecraft:sculk_shrieker":1,"minecraft:cave_vines":36,"iceandfire:gold_pile":1,"minecraft:spruce_pressure_plate":2,"minecraft:light_gray_concrete":2,"minecraft:green_carpet":7,"minecraft:player_head":6,"minecraft:tripwire":2,"minecraft:orange_bed":1,"minecraft:piston_head":1,"minecraft:sandstone_slab":8,"minecraft:brown_mushroom":2,"minecraft:red_bed":1,"minecraft:player_wall_head":5,"minecraft:smoker":5,"minecraft:blue_stained_glass":2,"minecraft:powder_snow":5,"born_in_chaos_v1:infected_deepslate_diamond_ore":1,"minecraft:torch":48,"minecraft:note_block":2,"minecraft:blast_furnace":3,"alexscaves:peering_coprolith":16,"minecraft:polished_andesite_stairs":4,"minecraft:dead_bush":2,"iceandfire:sapphire_ore":1,"minecraft:spruce_wall_sign":2,"minecraft:glass":8,"minecraft:cyan_bed":8,"minecraft:sugar_cane":19,"minecraft:bricks":3,"minecraft:skeleton_skull":4,"minecraft:jungle_wood":5,"paraglider:horned_statue":6,"minecraft:wheat":5,"minecraft:stone_brick_stairs":2,"minecraft:pumpkin_stem":33,"minecraft:potted_poppy":2,"minecraft:black_bed":3,"born_in_chaos_v1:black_argillite_brick":1,"minecraft:wither_rose":7,"minecraft:grass":36,"minecraft:smooth_quartz":7,"luminousworld:grassvariant_3":4,"luminousworld:palm_log":24,"born_in_chaos_v1:infernal_evil_pumpkin_s":1,"minecraft:stonecutter":1,"minecraft:yellow_stained_glass":28,"minecraft:piston":2,"minecraft:deepslate":250,"placeablesmod:iron_boots_block":1,"minecraft:dark_prismarine":1,"iceandfire:silver_ore":36,"minecraft:mossy_cobblestone":3,"minecraft:dark_oak_fence":17,"minecraft:spruce_fence":9,"born_in_chaos_v1:black_argillite":3,"minecraft:magenta_concrete":2,"minecraft:redstone_wire":7,"luminousworld:grassvariant_2":5,"wildwestguns2_3d:silver_ore":1,"minecraft:yellow_concrete_powder":3,"ecologics:flowering_azalea_planks":2,"alexscaves:thornwood_branch":76,"minecraft:potted_bamboo":3,"minecraft:moss_block":30,"minecraft:cartography_table":1,"born_in_chaos_v1:gnawed_bones":3,"minecraft:redstone_ore":5,"minecraft:packed_mud":42,"alexscaves:thornwood_stairs":3,"minecraft:snow":194,"minecraft:andesite":3,"minecraft:big_dripleaf_stem":1,"minecraft:potatoes":27,"alexscaves:guanostone_redstone_ore":8,"minecraft:cobblestone_slab":24,"minecraft:vine":20,"minecraft:rail":1,"iceandfire:frost_lily":1,"luminousworld:groundpebbles_2":1,"luminousworld:clovers_3":3,"iceandfire:podium_spruce":7,"minecraft:white_wool":10,"minecraft:green_wool":7,"minecraft:smithing_table":1,"minecraft:oak_slab":3,"minecraft:soul_sand":49,"ecologics:azalea_planks":4,"minecraft:brown_carpet":5,"ecologics:thin_ice":1,"minecraft:emerald_ore":15,"ecologics:walnut_leaves":1,"minecraft:campfire":11,"luminousworld:auburnlog":7,"minecraft:tall_grass":20,"minecraft:copper_ore":3,"minecraft:diorite":9,"minecraft:big_dripleaf":1,"luminousworld:whiteoaklog":11,"ecologics:stripped_walnut_log":5,"minecraft:purple_bed":1,"minecraft:red_terracotta":1,"minecraft:coarse_dirt":10,"minecraft:purple_stained_glass":16,"minecraft:white_carpet":64,"minecraft:spruce_log":152,"minecraft:red_wall_banner":6,"iceandfire:silver_pile":26,"luminousworld:clovers_5":1,"luminousworld:ishstone":19,"minecraft:gravel":34,"alexscaves:guano_layer":3,"minecraft:cobweb":13,"minecraft:brown_terracotta":7,"minecraft:acacia_planks":8,"luminousworld:elephant_grass":1,"minecraft:gold_ore":28,"luminousworld:white_petunias":1,"alexscaves:guanostone":113,"minecraft:spruce_planks":165,"iceandfire:graveyard_soil":7,"minecraft:cobblestone_stairs":14,"minecraft:orange_stained_glass":1,"minecraft:spruce_trapdoor":18,"minecraft:cave_vines_plant":43,"minecraft:grass_block":72,"minecraft:infested_cobblestone":2,"iceandfire:lectern":6,"minecraft:polished_diorite":140,"minecraft:mud_bricks":17,"minecraft:sandstone_stairs":1,"minecraft:potted_birch_sapling":1,"undead_revamp2:bostroxore":16,"minecraft:iron_ore":178,"born_in_chaos_v1:black_argillite_brick_stairs":2,"minecraft:target":9,"minecraft:anvil":1,"minecraft:brown_bed":10,"minecraft:dark_oak_stairs":104,"placeablesmod:copper_item_block":1,"minecraft:pointed_dripstone":3,"supplementaries:stick":5,"minecraft:iron_bars":5,"alexscaves:underweed":2,"minecraft:potted_cornflower":3,"minecraft:azalea":10,"ecologics:walnut_log":37,"minecraft:spruce_slab":29,"ecologics:pot":3,"minecraft:melon_stem":1,"minecraft:orange_terracotta":10,"minecraft:soul_lantern":1,"minecraft:chiseled_quartz_block":2,"minecraft:clay":9,"minecraft:calcite":1,"minecraft:chest":11,"iceandfire:frozen_dirt":1,"minecraft:cobblestone":42,"minecraft:oak_planks":6,"placeablesmod:bread_full_block":8,"minecraft:iron_door":1,"minecraft:wall_torch":34,"alexscaves:thornwood_planks":6,"minecraft:red_candle":23,"minecraft:dark_oak_slab":10,"minecraft:dark_oak_door":5,"minecraft:yellow_wool":2,"alexscaves:guanostone_chiseled":3,"minecraft:tnt":1,"minecraft:smooth_stone_slab":19,"minecraft:oak_log":51,"minecraft:beetroots":17,"minecraft:diorite_wall":6,"ecologics:azalea_log":8,"minecraft:acacia_fence":7,"minecraft:sand":100,"minecraft:dirt":18,"minecraft:tripwire_hook":1,"luminousworld:savannah_grass_4":1,"minecraft:oak_leaves":7,"minecraft:redstone_lamp":28,"minecraft:diamond_ore":22,"minecraft:tuff":25,"minecraft:red_carpet":5,"minecraft:quartz_stairs":1,"minecraft:potted_wither_rose":1,"minecraft:deepslate_diamond_ore":3,"minecraft:candle":11,"born_in_chaos_v1:infected_diamond_ore":2,"minecraft:lever":4,"minecraft:glow_lichen":1,"minecraft:stone_button":2,"minecraft:white_stained_glass":2,"minecraft:spruce_leaves":23,"minecraft:sandstone":1,"luminousworld:groundpebbles_3":2,"minecraft:large_fern":3,"minecraft:hay_block":251,"minecraft:light_blue_wall_banner":35,"minecraft:furnace":20,"minecraft:carrots":11,"minecraft:chiseled_sandstone":1,"minecraft:stripped_spruce_log":108,"minecraft:bookshelf":54,"minecraft:deepslate_iron_ore":30,"luminousworld:snowgrass":13,"minecraft:lantern":12,"minecraft:stripped_oak_log":18,"minecraft:packed_ice":8,"minecraft:stone":314,"iceandfire:pixie_jar_empty":2,"minecraft:acacia_leaves":2,"minecraft:scaffolding":7,"minecraft:flowering_azalea":7,"alexscaves:porous_coprolith":15,"luminousworld:palmplank":4,"ecologics:walnut_slab":9,"minecraft:oak_fence":51,"minecraft:crafting_table":37,"minecraft:honey_block":24,"minecraft:rose_bush":1,"minecraft:sculk_sensor":6,"minecraft:lectern":22,"minecraft:lapis_ore":7,"minecraft:red_concrete":7,"minecraft:sculk":1,"minecraft:blue_bed":14,"supplementaries:urn":13,"minecraft:spruce_stairs":20,"minecraft:birch_planks":5,"minecraft:cactus":1,"minecraft:beehive":1,"minecraft:ice":21,"minecraft:coal_ore":173,"minecraft:flower_pot":2,"minecraft:yellow_concrete":5,"minecraft:terracotta":16,"ecologics:walnut_planks":2,"minecraft:polished_andesite":3,"minecraft:small_dripleaf":3,"minecraft:mossy_stone_bricks":1,"minecraft:birch_fence":3},"minecraft:dropped":{"minecraft:iron_sword":3,"minecraft:lapis_lazuli":7,"minecraft:glow_ink_sac":9,"minecraft:glass_bottle":2,"minecraft:crafting_table":8,"minecraft:dark_oak_slab":18,"mowziesmobs:ice_crystal":1,"minecraft:crossbow":2,"minecraft:glow_berries":1,"minecraft:black_bed":1,"iceandfire:ectoplasm":4,"minecraft:saddle":1,"minecraft:rail":15,"minecraft:item_frame":9,"minecraft:red_carpet":11,"minecraft:birch_fence":3,"minecraft:dirt":37,"minecraft:packed_mud":10,"minecraft:grass":4,"supplementaries:urn":4,"minecraft:stone_button":2,"minecraft:dark_oak_fence":2,"iceandfire:armor_red_boots":1,"minecraft:dark_oak_trapdoor":1,"minecraft:tnt_minecart":2,"minecraft:chain":2,"minecraft:gold_nugget":10,"minecraft:bone_meal":2,"minecraft:sand":8,"minecraft:iron_pickaxe":10,"minecraft:sugar":1,"undead_revamp2:blacpetalblock":2,"minecraft:dark_oak_planks":2,"minecraft:bone":99,"minecraft:cyan_carpet":3,"minecraft:blue_bed":2,"luminousworld:clovers_1":1,"minecraft:stone_axe":1,"minecraft:lever":152,"alexsmobs:animal_dictionary":1,"minecraft:wheat":81,"undead_revamp2:arapholia":3,"minecraft:enchanted_golden_apple":1,"minecraft:rotten_flesh":255,"born_in_chaos_v1:smoked_flesh":6,"minecraft:oak_planks":26,"better_weaponry:iron_scythe":5,"minecraft:white_bed":1,"minecraft:salmon":1,"supplementaries:flax_seeds":2,"minecraft:jungle_log":4,"minecraft:diorite_wall":1,"minecraft:spruce_slab":25,"minecraft:enchanted_book":2,"minecraft:acacia_fence":6,"iceandfire:armor_bronze_leggings":1,"minecraft:iron_ingot":12,"minecraft:lectern":2,"minecraft:stripped_mangrove_log":1,"luminousworld:beastiary":2,"born_in_chaos_v1:intoxicating_decoction":1,"minecraft:wheat_seeds":14,"minecraft:birch_leaves":10,"luminousworld:ishstone":2,"endrem:witch_pupil":1,"immersive_aircraft:enhanced_propeller":1,"ecologics:walnut_slab":30,"minecraft:book":1,"minecraft:cobblestone":58,"minecraft:oak_fence":3,"minecraft:iron_helmet":6,"minecraft:granite":4,"minecraft:coal":61,"minecraft:chainmail_helmet":2,"minecraft:yellow_carpet":20,"minecraft:coal_block":1,"iceandfire:troll_weapon_axe":1,"minecraft:polished_andesite":1,"born_in_chaos_v1:gnawed_bones":2,"minecraft:wooden_axe":3,"minecraft:dead_bush":3,"minecraft:pumpkin":2,"better_weaponry:stone_scythe":2,"minecraft:golden_hoe":1,"minecraft:smooth_stone":3,"minecraft:chainmail_leggings":1,"minecraft:iron_shovel":2,"minecraft:spruce_sapling":20,"minecraft:blue_carpet":1,"minecraft:acacia_planks":7,"minecraft:yellow_concrete_powder":1,"minecraft:furnace":1,"minecraft:moss_carpet":9,"minecraft:player_head":3,"iceandfire:ghost_ingot":1,"minecraft:cocoa_beans":7,"minecraft:smooth_stone_slab":1,"minecraft:sticky_piston":1,"luminousworld:auburnlog":7,"iceandfire:armor_silver_helmet":3,"born_in_chaos_v1:rotten_fish":1,"minecraft:orange_concrete":5,"minecraft:stone_shovel":2,"minecraft:chicken":1,"minecraft:white_carpet":187,"iceandfire:dragonscales_electric":51,"minecraft:iron_boots":2,"minecraft:name_tag":2,"iceandfire:dragon_skull_ice":1,"minecraft:light_gray_concrete":2,"iceandfire:armor_bronze_chestplate":1,"minecraft:spruce_fence":3,"minecraft:pumpkin_seeds":7,"iceandfire:dragon_ice":12,"minecraft:target":7,"minecraft:cobblestone_slab":1,"minecraft:hay_block":8,"minecraft:big_dripleaf":7,"luminousworld:autumnleaves":54,"minecraft:potato":4,"minecraft:stone":1,"minecraft:spruce_boat":2,"ecologics:walnut":16,"minecraft:spruce_trapdoor":2,"ecologics:walnut_leaves":330,"minecraft:bundle":17,"minecraft:spruce_planks":111,"minecraft:carved_pumpkin":1,"artifacts:pickaxe_heater":1,"minecraft:brown_bed":1,"minecraft:stone_pressure_plate":5,"minecraft:brown_carpet":7,"born_in_chaos_v1:charmof_resistance":1,"minecraft:bow":3,"minecraft:dark_prismarine":1,"minecraft:cyan_bed":6,"minecraft:terracotta":1,"minecraft:spruce_sign":5,"minecraft:moss_block":28,"minecraft:birch_planks":1,"minecraft:dark_oak_stairs":13,"minecraft:diamond_axe":1,"luminousworld:yellowpetunias":1,"minecraft:oak_log":5,"minecraft:sandstone_slab":9,"ecologics:walnut_sapling":3,"minecraft:leather":4,"iceandfire:graveyard_soil":1,"paraglider:spirit_orb":33,"ecologics:walnut_planks":17,"minecraft:spruce_leaves":80,"minecraft:dark_oak_log":2,"tombstone:bag_of_seeds":1,"minecraft:redstone_lamp":1,"immersive_aircraft:gyrodyne":1,"born_in_chaos_v1:monster_skin":4,"minecraft:cornflower":4,"minecraft:snowball":27,"iceandfire:ash":1,"minecraft:soul_lantern":1,"minecraft:pointed_dripstone":3,"born_in_chaos_v1:ethereal_spirit":6,"paraglider:horned_statue":1,"minecraft:beetroot":10,"minecraft:carrot":1,"minecraft:chainmail_chestplate":3,"minecraft:poppy":2,"supplementaries:ash":21,"minecraft:mangrove_log":3,"minecraft:skeleton_skull":1,"iceandfire:armor_silver_boots":2,"minecraft:beetroot_seeds":18,"minecraft:melon_seeds":1,"born_in_chaos_v1:corpse_maggot":18,"minecraft:azalea":8,"minecraft:chainmail_boots":5,"iceandfire:frost_lily":1,"minecraft:arrow":198,"minecraft:iron_ore":16,"minecraft:iron_bars":3,"minecraft:scaffolding":2,"minecraft:oak_leaves":165,"minecraft:bread":28,"minecraft:stripped_spruce_log":12,"minecraft:oak_slab":3,"minecraft:golden_helmet":1,"minecraft:mossy_cobblestone":1,"minecraft:yellow_concrete":1,"minecraft:jungle_wood":1,"alexscaves:coprolith":8,"minecraft:stick":21,"illagerinvasion:platinum_chunk":4,"tombstone:magic_scroll":6,"minecraft:torch":11,"luminousworld:auburn_sapling":4,"tombstone:grave_key":5,"minecraft:smooth_quartz":5,"born_in_chaos_v1:fused_bone":7,"minecraft:iron_door":1,"minecraft:jungle_door":4,"tombstone:grave_dust":4,"minecraft:green_carpet":4,"minecraft:iron_leggings":8,"tombstone:dark_marble":3,"minecraft:iron_axe":6,"minecraft:flowering_azalea":6,"alexscaves:guanostone":64,"minecraft:red_concrete":7,"born_in_chaos_v1:black_argillite_brick_stairs":1,"artifacts:kitty_slippers":1,"minecraft:coarse_dirt":4,"minecraft:nether_wart":1,"minecraft:chiseled_quartz_block":2,"minecraft:raw_iron":1,"earthmobsmod:fancy_egg":1,"minecraft:iron_hoe":1,"minecraft:stripped_oak_log":2,"luminousworld:palm_sapling":1,"undead_revamp2:bostroxingot":1,"minecraft:shield":2,"luminousworld:palmplank":3,"aether:iron_gloves":1,"iceandfire:rotten_egg":1,"luminousworld:groundpebbles_1":3,"minecraft:iron_chestplate":7,"minecraft:andesite":2,"minecraft:mossy_stone_bricks":1,"minecraft:purple_bed":1,"minecraft:oak_sapling":28,"minecraft:light_gray_bed":1,"minecraft:oak_boat":2,"minecraft:diamond_boots":1,"minecraft:spruce_log":5,"minecraft:stone_pickaxe":2,"minecraft:wooden_pickaxe":3,"minecraft:calcite":1},"minecraft:killed_by":{"minecraft:zombie":3,"undead_revamp2:thespitter":1,"alexscaves:underzealot":1},"minecraft:killed":{"luminousworld:miner_zombie":7,"minecraft:cave_spider":6,"born_in_chaos_v1:mr_pumpkin":4,"earthmobsmod:jumbo_rabbit":2,"born_in_chaos_v1:zombie_lumberjack":9,"born_in_chaos_v1:restless_spirit":7,"born_in_chaos_v1:skeleton_demoman":1,"born_in_chaos_v1:sir_the_headless":1,"enemyexpansion:equestrian":3,"luminousworld:frost_bitten_skeleton":25,"undead_revamp2:axestrom":3,"mowziesmobs:frostmaw":1,"born_in_chaos_v1:siamese_skeletonsright":4,"born_in_chaos_v1:baby_skeleton_minion":4,"undead_revamp2:theswarmer":3,"minecraft:skeleton":129,"mowziesmobs:umvuthana_crane_player":1,"friendsandfoes:glare":1,"luminousworld:ringlet":2,"alexscaves:underzealot":62,"mowziesmobs:umvuthana_crane":3,"born_in_chaos_v1:skeleton_thrasher":1,"undead_revamp2:thepregnant":3,"undead_revamp2:thespitter":7,"luminousworld:hollow":3,"naturalist:firefly":1,"undead_revamp2:theheavy":4,"mutantmonsters:mutant_skeleton":2,"born_in_chaos_v1:dread_hound_not_despawn":3,"endermanoverhaul:savanna_enderman":1,"minecraft:pillager":101,"enemyexpansion:meature":5,"alexsmobs:flutter":1,"minecraft:zombie":121,"born_in_chaos_v1:corpse_fly":13,"enemyexpansion:botfly":21,"bettermobs:capivara":1,"undead_revamp2:propball_1":2,"born_in_chaos_v1:door_knight":6,"minecraft:cow":8,"alexscaves:corrodent":13,"luminousworld:frostbitten_zombie":32,"undead_revamp2:thehunter":9,"undead_revamp2:theimmortal":1,"alexsmobs:raccoon":1,"minecraft:vindicator":4,"alexscaves:vesper":25,"undead_revamp2:bomber":4,"naturalist:duck":2,"born_in_chaos_v1:pumpkinhead":1,"mowziesmobs:ferrous_wroughtnaut":1,"undead_revamp2:thebidy":7,"alexsmobs:tusklin":2,"born_in_chaos_v1:barrel_zombie":1,"enemyexpansion:scorpion":1,"friendsandfoes:copper_golem":4,"born_in_chaos_v1:spirit_guide":1,"minecraft:husk":15,"alexsmobs:guster":3,"earthmobsmod:bouldering_zombie":1,"undead_revamp2:the_moonflower":51,"enemyexpansion:sprinter":5,"minecraft:wandering_trader":1,"earthmobsmod:wooly_cow":6,"born_in_chaos_v1:decrepit_skeleton":13,"born_in_chaos_v1:bloody_gadfly":2,"undead_revamp2:thesomnolence":4,"endermanoverhaul:cave_enderman":1,"luminousworld:swamp_zombie":1,"iceandfire:ghost":51,"born_in_chaos_v1:dark_vortex":2,"iceandfire:ice_dragon":2,"undead_revamp2:thewolf":5,"born_in_chaos_v1:zombie_clown":2,"alexscaves:gloomoth":3,"minecraft:witch":5,"mowziesmobs:umvuthi":1,"minecraft:spider":12,"alexsmobs:snow_leopard":1,"undead_revamp2:thesmoker":6,"born_in_chaos_v1:scarlet_persecutor":12,"naturalist:snail":2,"minecraft:bee":2,"undead_revamp2:therod":3,"undead_revamp2:thespectre":3,"undead_revamp2:crackleball":4,"artifacts:mimic":1,"born_in_chaos_v1:bonescaller":4,"minecraft:pig":1,"enemyexpansion:ladybug":2,"minecraft:zombie_villager":1,"born_in_chaos_v1:diamond_termite":5,"undead_revamp2:thebeartamer":2,"minecraft:creeper":1,"minecraft:sheep":3,"undead_revamp2:thebidyupside":3,"born_in_chaos_v1:zombie_fisherman":1,"luminousworld:savannah_skeleton":13,"born_in_chaos_v1:dread_hound":10,"minecraft:stray":4,"minecraft:ghast":2,"alexsmobs:fly":2,"born_in_chaos_v1:siamese_skeletonsleft":4,"enemyexpansion:wasp":1,"born_in_chaos_v1:missioner":1,"alexsmobs:tarantula_hawk":1,"undead_revamp2:thegliter":1,"enemyexpansion:intruder":2,"alexscaves:watcher":1,"luminousworld:sunken_skeleton":1,"minecraft:slime":3,"enemyexpansion:direwolf":9,"born_in_chaos_v1:zombie_bruiser":5,"born_in_chaos_v1:maggot":50,"minecraft:phantom":2,"iceandfire:fire_dragon":3,"undead_revamp2:coppertar":2,"friendsandfoes:mauler":1,"earthmobsmod:fancy_chicken":1,"alexsmobs:bison":3,"born_in_chaos_v1:corpse_fish":2,"undead_revamp2:sucker":6,"luminousworld:savannah_zombie":11,"mowziesmobs:umvuthana":5,"born_in_chaos_v1:mr_pumpkin_controlled":1,"born_in_chaos_v1:siamese_skeletons":3,"born_in_chaos_v1:fallen_chaos_knight":3,"mowziesmobs:baby_foliaath":2,"born_in_chaos_v1:felsteed":1,"born_in_chaos_v1:baby_skeleton":3,"born_in_chaos_v1:swarmer":2,"born_in_chaos_v1:spirit_guide_assistant":2,"naturalist:butterfly":1,"iceandfire:troll":1,"earthmobsmod:umbra_cow":3,"alexsmobs:emu":1,"born_in_chaos_v1:decaying_zombie":1,"enemyexpansion:huntsman":2,"alexsmobs:moose":1,"born_in_chaos_v1:nightmare_stalker":2,"enemyexpansion:slugger":2},"minecraft:crafted":{"minecraft:smooth_stone":55,"ecologics:walnut_planks":124,"minecraft:lever":63,"minecraft:bookshelf":11,"undead_revamp2:bostroxset_chestplate":2,"ecologics:flowering_azalea_planks":14,"luminousworld:palmplank":92,"minecraft:diamond_axe":1,"minecraft:green_bed":1,"iceandfire:armor_red_chestplate":1,"undead_revamp2:bostroxset_boots":2,"ecologics:walnut_slab":105,"immersive_aircraft:propeller":4,"minecraft:lectern":8,"ecologics:walnut_door":3,"born_in_chaos_v1:smoked_flesh":7,"usefulbackpacks:backpack_large":1,"minecraft:compass":1,"minecraft:iron_pickaxe":3,"minecraft:iron_block":4,"minecraft:gold_ingot":6,"better_weaponry:iron_scythe":12,"wildwestguns2_3d:rifleload":108,"minecraft:iron_nugget":5,"minecraft:spruce_fence":20,"minecraft:white_carpet":17,"minecraft:dark_oak_fence":30,"iceandfire:armor_silver_chestplate":1,"securitycraft:universal_block_remover":1,"minecraft:spruce_slab":171,"minecraft:stone_pickaxe":5,"minecraft:spruce_boat":2,"wildwestguns2_3d:longbarrel":1,"minecraft:wheat":1540,"iceandfire:dragonbone_sword":1,"iceandfire:armor_red_helmet":1,"minecraft:wooden_axe":3,"minecraft:iron_shovel":1,"minecraft:iron_leggings":2,"minecraft:white_bed":2,"undead_revamp2:bostroxset_helmet":1,"iceandfire:armor_bronze_leggings":1,"minecraft:oak_planks":218,"iceandfire:armor_silver_boots":2,"usefulbackpacks:backpack_small":2,"minecraft:stone":74,"supplementaries:goblet":1,"minecraft:iron_boots":2,"immersive_aircraft:hull":4,"minecraft:chest":33,"minecraft:smoker":6,"immersive_aircraft:gyroscope":1,"tombstone:decorative_grave_original":1,"wildwestguns2_3d:riflestock":1,"wildwestguns2_3d:ferguson_rifle":1,"minecraft:cauldron":1,"iceandfire:armor_silver_leggings":1,"minecraft:crafting_table":13,"minecraft:spruce_planks":759,"minecraft:wooden_pickaxe":4,"minecraft:baked_potato":45,"minecraft:iron_helmet":2,"tombstone:decorative_grave_simple":1,"naturalist:glow_goop":1,"wildwestguns2_3d:pistolgrip":1,"tombstone:decorative_grave_normal":1,"minecraft:spruce_trapdoor":69,"minecraft:iron_chestplate":2,"minecraft:paper":29,"minecraft:shield":1,"minecraft:stick":264,"minecraft:iron_ingot":106,"iceandfire:armor_bronze_helmet":1,"minecraft:shears":1,"immersive_aircraft:sail":4,"minecraft:furnace":15,"minecraft:blast_furnace":16,"minecraft:flint_and_steel":1,"minecraft:leather":1,"minecraft:iron_axe":3,"iceandfire:armor_bronze_chestplate":1,"usefulbackpacks:backpack_medium":2,"iceandfire:armor_red_boots":2,"minecraft:sugar":2,"supplementaries:item_shelf":7,"immersive_aircraft:enhanced_propeller":2,"iceandfire:silver_ingot":28,"tombstone:ankh_of_pray":1,"minecraft:stone_axe":1,"minecraft:bread":551,"minecraft:oak_boat":2,"immersive_aircraft:gyrodyne":2,"tombstone:dark_marble":25,"tombstone:seeker_rod":1,"minecraft:stonecutter":1,"minecraft:anvil":1,"minecraft:acacia_planks":124,"undead_revamp2:bostroxingot":28,"minecraft:torch":330,"ecologics:azalea_planks":16,"iceandfire:armor_silver_helmet":1}},"DataVersion":3465}